prompt_id,category,dag_node,source,human_score,caption_en,caption_translated,back_translated,cc_score,status,language
DB001,Colors,node3_attribute,DrawBench,,A black colored banana.,Eine schwarz gefärbte Banane.,A black coloured banana.,0.9917,PASS,de
DB002,Colors,node3_attribute,DrawBench,,A blue bird and a brown bear.,Ein blauer Vogel und ein brauner Bär.,A blue bird and a brown bear.,1.0,PASS,de
DB003,Colors,node3_attribute,DrawBench,,A red colored car.,Ein rot gefärbtes Auto.,A red coloured car.,0.9958,PASS,de
DB004,Colors,node3_attribute,DrawBench,,A blue cup and a green cell phone.,Eine blaue Tasse und ein grünes Mobiltelefon.,A blue cup and a green mobile phone.,0.9861,PASS,de
DB005,Colors,node3_attribute,DrawBench,,An orange colored sandwich.,Ein orangefarbenes Sandwich.,An orange-coloured sandwich.,0.992,PASS,de
DB006,Colors,node3_attribute,DrawBench,,A white colored sandwich.,Ein weißes Sandwich.,A white sandwich.,0.9744,PASS,de
DB007,Colors,node3_attribute,DrawBench,,A yellow colored giraffe.,Eine gelb gefärbte Giraffe.,A yellow coloured giraffe.,0.9968,PASS,de
DB008,Colors,node3_attribute,DrawBench,,A black colored car.,Ein schwarzes Auto.,A black car.,0.9791,PASS,de
DB009,Colors,node3_attribute,DrawBench,,A black apple and a green backpack.,Ein schwarzer Apfel und ein grüner Rucksack.,A black apple and a green rucksack.,0.9801,PASS,de
DB010,Colors,node3_attribute,DrawBench,,A blue colored dog.,Ein blau gefärbter Hund.,A blue coloured dog.,0.9848,PASS,de
DB011,Colors,node3_attribute,DrawBench,,A pink colored car.,Ein pinkfarbenes Auto.,A pink car.,0.9908,PASS,de
DB012,Colors,node3_attribute,DrawBench,,A pink colored giraffe.,Eine rosafarbene Giraffe.,A pink-coloured giraffe.,0.993,PASS,de
DB013,Colors,node3_attribute,DrawBench,,A red car and a white sheep.,Ein rotes Auto und ein weißes Schaf.,A red car and a white sheep.,1.0,PASS,de
DB014,Counting,node1_object_presence,DrawBench,,One car on the street.,Ein Auto auf der Straße.,A car on the road.,0.9741,PASS,de
DB015,Counting,node1_object_presence,DrawBench,,One dog on the street.,Ein Hund auf der Straße.,A dog on the street.,0.9897,PASS,de
DB016,Counting,node1_object_presence,DrawBench,,One cat and two dogs sitting on the grass.,Eine Katze und zwei Hunde sitzen im Gras.,A cat and two dogs are sitting in the grass.,0.9851,PASS,de
DB017,Counting,node1_object_presence,DrawBench,,Two cars on the street.,Zwei Autos auf der Straße.,Two cars on the road.,0.9762,PASS,de
DB018,Counting,node1_object_presence,DrawBench,,Four dogs on the street.,Vier Hunde auf der Straße.,Four dogs on the street.,1.0,PASS,de
DB019,Counting,node1_object_presence,DrawBench,,Three cats and one dog sitting on the grass.,Drei Katzen und ein Hund sitzen auf der Wiese.,Three cats and a dog are sitting in the meadow.,0.9585,PASS,de
DB020,Counting,node1_object_presence,DrawBench,,Four cars on the street.,Vier Autos auf der Straße.,Four cars on the road.,0.9762,PASS,de
DB021,Counting,node1_object_presence,DrawBench,,Two cats and one dog sitting on the grass.,Zwei Katzen und ein Hund sitzen auf der Wiese.,Two cats and a dog are sitting in the meadow.,0.9563,PASS,de
DB022,Counting,node1_object_presence,DrawBench,,Two cats and three dogs sitting on the grass.,Zwei Katzen und drei Hunde sitzen auf der Wiese.,Two cats and three dogs are sitting on the meadow.,0.9607,PASS,de
DB023,Counting,node1_object_presence,DrawBench,,Three cats and two dogs sitting on the grass.,Drei Katzen und zwei Hunde sitzen auf der Wiese.,Three cats and two dogs are sitting in the meadow.,0.956,PASS,de
DB024,Counting,node1_object_presence,DrawBench,,Three cars on the street.,Drei Autos auf der Straße.,Three cars on the road.,0.9773,PASS,de
DB025,Counting,node1_object_presence,DrawBench,,Five dogs on the street.,Fünf Hunde auf der Straße.,Five dogs on the street.,1.0,PASS,de
DB026,Counting,node1_object_presence,DrawBench,,Three cats and three dogs sitting on the grass.,Drei Katzen und drei Hunde sitzen auf der Wiese.,Three cats and three dogs are sitting in the meadow.,0.9575,PASS,de
DB027,Positional,node2_spatial,DrawBench,,A train on top of a surfboard.,Ein Zug auf einem Surfbrett.,A train on a surfboard.,0.984,PASS,de
DB028,Positional,node2_spatial,DrawBench,,A stop sign on the right of a refrigerator.,Ein Stoppschild auf der rechten Seite eines Kühlschranks.,A stop sign on the right-hand side of a refrigerator.,0.9897,PASS,de
DB029,Positional,node2_spatial,DrawBench,,A pizza on the right of a suitcase.,Eine Pizza auf der rechten Seite eines Koffers.,A pizza on the right side of a suitcase.,0.9963,PASS,de
DB030,Positional,node2_spatial,DrawBench,,A wine glass on top of a dog.,Ein Weinglas auf einem Hund.,A wine glass on a dog.,0.9713,PASS,de
DB031,Positional,node2_spatial,DrawBench,,A tennis racket underneath a traffic light.,Ein Tennisschläger unter einer Ampel.,A tennis racket under a traffic light.,0.9947,PASS,de
DB032,Positional,node2_spatial,DrawBench,,A giraffe underneath a microwave.,Eine Giraffe unter einer Mikrowelle.,A giraffe under a microwave.,0.9959,PASS,de
DB033,Positional,node2_spatial,DrawBench,,A couch on the left of a chair.,Eine Couch links neben einem Stuhl.,A couch to the left of a chair.,0.9972,PASS,de
DB034,Positional,node2_spatial,DrawBench,,An umbrella on top of a spoon.,Ein Regenschirm auf einem Löffel.,An umbrella on a spoon.,0.9851,PASS,de
DB035,Positional,node2_spatial,DrawBench,,A sheep to the right of a wine glass.,Ein Schaf auf der rechten Seite eines Weinglases.,A sheep on the right side of a wine glass.,0.9795,PASS,de
DB036,Positional,node2_spatial,DrawBench,,A cat on the right of a tennis racket.,Eine Katze auf der rechten Seite eines Tennisschlägers.,A cat on the right side of a tennis racket.,0.9886,PASS,de
DB037,Positional,node2_spatial,DrawBench,,A cat on the left of a dog.,Eine Katze auf der linken Seite eines Hundes.,A cat on the left side of a dog.,0.9969,PASS,de
DB038,Positional,node2_spatial,DrawBench,,A bicycle on top of a boat.,Ein Fahrrad auf einem Boot.,A bicycle on a boat.,0.9768,PASS,de
DB039,Text,node4_typography,DrawBench,,A storefront with 'Hello World' written on it.,"Ein Schaufenster mit der Aufschrift ""Hello World"".","A shop window with the inscription ""Hello World"".",0.8983,PASS,de
DB040,Text,node4_typography,DrawBench,,New York Skyline with 'NeurIPS' written with fireworks on the sky.,"New Yorker Skyline mit der Aufschrift ""NeurIPS"" und einem Feuerwerk am Himmel.","New York skyline with the inscription ""NeurIPS"" and fireworks in the sky.",0.9631,PASS,de
DB041,Text,node4_typography,DrawBench,,New York Skyline with 'Diffusion' written with fireworks on the sky.,"New Yorker Skyline mit der Aufschrift ""Diffusion"" und einem Feuerwerk am Himmel.","New York skyline with the inscription ""Diffusion"" and fireworks in the sky.",0.9571,PASS,de
DB042,Text,node4_typography,DrawBench,,A storefront with 'Diffusion' written on it.,"Ein Schaufenster mit der Aufschrift ""Diffusion"".","A shop window labelled ""Diffusion"".",0.938,PASS,de
DB043,Text,node4_typography,DrawBench,,A sign that says 'Diffusion'.,"Ein Schild mit der Aufschrift ""Diffusion"".","A sign with the inscription ""Diffusion"".",0.9332,PASS,de
DB044,Text,node4_typography,DrawBench,,A storefront with 'Google Brain Toronto' written on it.,"Ein Schaufenster mit der Aufschrift ""Google Brain Toronto"".","A shop window labelled ""Google Brain Toronto"".",0.9377,PASS,de
DB045,Text,node4_typography,DrawBench,,A sign that says 'Deep Learning'.,"Ein Schild mit der Aufschrift ""Deep Learning"".","A sign with the inscription ""Deep Learning"".",0.9636,PASS,de
DB046,Text,node4_typography,DrawBench,,A storefront with 'NeurIPS' written on it.,"Ein Schaufenster mit der Aufschrift ""NeurIPS"".","A shop window labelled ""NeurIPS"".",0.935,PASS,de
DB047,Text,node4_typography,DrawBench,,New York Skyline with 'Deep Learning' written with fireworks on the sky.,"New Yorker Skyline mit der Aufschrift ""Deep Learning"" und einem Feuerwerk am Himmel.","New York skyline with the inscription ""Deep Learning"" and fireworks in the sky.",0.9548,PASS,de
DB048,Text,node4_typography,DrawBench,,New York Skyline with 'Text to Image' written with fireworks on the sky.,"New Yorker Skyline mit dem Schriftzug ""Text to Image"" und einem Feuerwerk am Himmel.","New York skyline with the lettering ""Text to Image"" and fireworks in the sky.",0.9641,PASS,de
DB049,Text,node4_typography,DrawBench,,A sign that says 'Google Research Pizza Cafe'.,"Ein Schild mit der Aufschrift ""Google Research Pizza Cafe"".","A sign with the inscription ""Google Research Pizza Cafe"".",0.9692,PASS,de
DB050,Text,node4_typography,DrawBench,,A storefront with 'Text to Image' written on it.,"Ein Schaufenster mit der Aufschrift ""Text to Image"".","A shop window with the inscription ""Text to Image"".",0.9081,PASS,de
GB001,Spatial Relation,node2_spatial,GenAI-Bench,4.8333,A peaceful pathway lined with blooming flowers leading to a hidden garden.,"Ein friedlicher, von blühenden Blumen gesäumter Weg führt zu einem versteckten Garten.",A peaceful path lined with blooming flowers leads to a hidden garden.,0.9714,PASS,de
GB002,Spatial Relation,node2_spatial,GenAI-Bench,3.8333,"A girl has three flower decorations in her hair, all of them daisies.","Ein Mädchen hat drei Blumenschmuckstücke im Haar, allesamt Gänseblümchen.","One girl has three flower decorations in her hair, all daisies.",0.9938,PASS,de
GB003,Spatial Relation,node2_spatial,GenAI-Bench,3.4444,A mermaid with pearl hairpins beneath the waves.,Eine Meerjungfrau mit Perlenhaarnadeln in den Wellen.,A mermaid with pearl hairpins in the waves.,0.9879,PASS,de
GB004,Spatial Relation,node2_spatial,GenAI-Bench,4.0556,A bear wearing a sweater and reading a book by the fireplace.,"Ein Bär, der einen Pullover trägt und am Kamin ein Buch liest.",A bear wearing a jumper and reading a book by the fire.,0.9585,PASS,de
GB005,Spatial Relation,node2_spatial,GenAI-Bench,3.4444,"In the pond, two ducks swim near each other: the larger one has a bright green head, while the smaller one is all brown.","Im Teich schwimmen zwei Enten nebeneinander: Die größere hat einen leuchtend grünen Kopf, während die kleinere ganz braun ist.","Two ducks swim side by side in the pond: the larger one has a bright green head, while the smaller one is completely brown.",0.9833,PASS,de
GB006,Spatial Relation,node2_spatial,GenAI-Bench,2.5,"There are four roses in a clear glass vase, all of which are red, and all of which are not open.","In einer klaren Glasvase befinden sich vier rote Rosen, die alle nicht geöffnet sind.","There are four red roses in a clear glass vase, all of which are unopened.",0.9753,PASS,de
GB007,Spatial Relation,node2_spatial,GenAI-Bench,3.7222,"In a basket, there are many cauliflowers, all green except for the one in the middle, which is yellow.","In einem Korb liegen viele Blumenkohlköpfe, alle grün, bis auf den in der Mitte, der gelb ist.","There are many heads of cauliflower in a basket, all green except for the one in the centre, which is yellow.",0.9799,PASS,de
GB008,Spatial Relation,node2_spatial,GenAI-Bench,3.4444,The brown dog chases the black dog around the tree.,Der braune Hund jagt den schwarzen Hund um den Baum herum.,The brown dog chases the black dog around the tree.,1.0,PASS,de
GB009,Spatial Relation,node2_spatial,GenAI-Bench,4.2778,"a futuristic cityscape at dusk, with flying cars zooming between neon-lit skyscrapers.","eine futuristische Stadtlandschaft in der Abenddämmerung, in der fliegende Autos zwischen neonbeleuchteten Wolkenkratzern umherfahren.","A futuristic cityscape at dusk, in which flying cars drive around between neon-lit skyscrapers.",0.9875,PASS,de
GB010,Spatial Relation,node2_spatial,GenAI-Bench,3.9444,A ceramic bowl filled with water sits next to a steel door that leads to the garden.,"Eine mit Wasser gefüllte Keramikschale steht neben einer Stahltür, die in den Garten führt.",A ceramic bowl filled with water stands next to a steel door that leads into the garden.,0.9963,PASS,de
GB011,Spatial Relation,node2_spatial,GenAI-Bench,3.0,"There are four train toys on the floor, none of which are adjacent to each other.","Auf dem Boden befinden sich vier Zugspielzeuge, von denen keines nebeneinander liegt.","There are four pull toys on the floor, none of which are next to each other.",0.9109,PASS,de
GB012,Spatial Relation,node2_spatial,GenAI-Bench,3.2778,"A dog, a cat and a bird on a chair.","Ein Hund, eine Katze und ein Vogel auf einem Stuhl.","A dog, a cat and a bird on a chair.",1.0,PASS,de
GB013,Spatial Relation,node2_spatial,GenAI-Bench,4.2222,a bouquet of tulips sprouting from an open book.,"ein Tulpenstrauß, der aus einem aufgeschlagenen Buch sprießt.",a bunch of tulips sprouting from an open book.,0.9726,PASS,de
GB014,Spatial Relation,node2_spatial,GenAI-Bench,3.0,"A row of houses with chimneys, but no smoke coming out.","Eine Reihe von Häusern mit Schornsteinen, aus denen aber kein Rauch aufsteigt.","A row of houses with chimneys, but no smoke rising from them.",0.9952,PASS,de
GB015,Spatial Relation,node2_spatial,GenAI-Bench,2.3889,"A cheerful dog with a frisbee in its mouth on the right, chasing a rolling ball on the left.","Ein fröhlicher Hund mit einem Frisbee im Maul auf der rechten Seite, der einen rollenden Ball auf der linken Seite jagt.","A cheerful dog with a frisbee in its mouth on the right side, chasing a rolling ball on the left side.",0.9947,PASS,de
GB016,Spatial Relation,node2_spatial,GenAI-Bench,3.2222,A person in a brown raincoat laughing with another person clad in a sleek black trench coat under a shared umbrella.,Eine Person in einem braunen Regenmantel lacht mit einer anderen Person in einem eleganten schwarzen Trenchcoat unter einem gemeinsamen Regenschirm.,A person in a brown mackintosh laughs with another person in an elegant black trenchcoat under a shared umbrella.,0.9468,PASS,de
GB017,Spatial Relation,node2_spatial,GenAI-Bench,3.5556,A painter on a ladder adds stars to a mural of the night sky on a city wall.,Ein Maler auf einer Leiter fügt Sterne zu einer Wandmalerei des Nachthimmels an einer Stadtmauer hinzu.,A painter on a ladder adds stars to a mural of the night sky on a city wall.,1.0,PASS,de
GB018,Spatial Relation,node2_spatial,GenAI-Bench,2.8889,A sphinx talking with travelers in front of the Pyramids at sunset.,Eine Sphinx im Gespräch mit Reisenden vor den Pyramiden bei Sonnenuntergang.,A sphinx in conversation with travellers in front of the pyramids at sunset.,0.9925,PASS,de
GB019,Spatial Relation,node2_spatial,GenAI-Bench,2.3889,"Three small, non-blue boxes on a large blue box.","Drei kleine, nichtblaue Kästchen auf einem großen blauen Kästchen.","Three small, non-blue boxes on a large blue box.",1.0,PASS,de
GB020,Spatial Relation,node2_spatial,GenAI-Bench,2.8333,"A polished, copper kettle steams on the stove, catching the attention of a curious cat perched on a nearby chair.","Ein polierter Kupferkessel dampft auf dem Herd und erregt die Aufmerksamkeit einer neugierigen Katze, die auf einem Stuhl in der Nähe hockt.",A polished copper kettle steams on the hob and attracts the attention of a curious cat perched on a nearby chair.,0.9681,PASS,de
GB021,Spatial Relation,node2_spatial,GenAI-Bench,3.0556,Several umbrellas of varying colors leaned against stands in the hallway.,Mehrere Regenschirme in verschiedenen Farben lehnten an Ständern im Flur.,Several umbrellas in different colours were leaning against stands in the hallway.,0.9756,PASS,de
GB022,Spatial Relation,node2_spatial,GenAI-Bench,2.8333,A hat is perched on the table and a coat is draped on the chair.,Ein Hut liegt auf dem Tisch und ein Mantel ist auf dem Stuhl drapiert.,A hat lies on the table and a coat is draped on the chair.,0.992,PASS,de
GB023,Spatial Relation,node2_spatial,GenAI-Bench,2.3889,"Two children sitting on the bed, the one on the left making faces, the one on the right not making faces.","Zwei Kinder sitzen auf dem Bett, das linke macht Grimassen, das rechte macht keine Grimassen.","Two children are sitting on the bed, the one on the left is making faces, the one on the right is not making faces.",0.9959,PASS,de
GB024,Spatial Relation,node2_spatial,GenAI-Bench,3.8333,"A leather-bound notebook lying on a linen tablecloth, accompanied by a brass pen.","Ein in Leder gebundenes Notizbuch liegt auf einem Leinentischtuch, begleitet von einem Messingstift.","A leather-bound notebook lies on a linen tablecloth, accompanied by a brass pen.",0.9783,PASS,de
GB025,Spatial Relation,node2_spatial,GenAI-Bench,2.4444,"A weeping willow as a poet, writing verses that sway with its branches by a serene lake.","Eine Trauerweide als Dichterin, die mit ihren Ästen an einem ruhigen See Verse schreibt.","A weeping willow as a poet, writing verses with its branches on a calm lake.",0.9808,PASS,de
GB026,Attribute,node3_attribute,GenAI-Bench,3.8889,"Three people are sitting elegantly around a round table, each holding a cup of coffee.","Drei Personen sitzen elegant um einen runden Tisch herum, jede mit einer Tasse Kaffee in der Hand.","Three people sit elegantly around a round table, each with a cup of coffee in their hand.",0.995,PASS,de
GB027,Attribute,node3_attribute,GenAI-Bench,2.3333,A nurse not administering a vaccine to a young child.,"Eine Krankenschwester, die einem Kleinkind keinen Impfstoff verabreicht.",A nurse not administering a vaccine to an infant.,0.9867,PASS,de
GB028,Attribute,node3_attribute,GenAI-Bench,1.1667,Eight wavy lines are under three polygonal signs.,Acht Wellenlinien befinden sich unter drei polygonalen Zeichen.,Eight wavy lines are located under three polygonal characters.,0.9803,PASS,de
GB029,Attribute,node3_attribute,GenAI-Bench,2.4444,"An alchemist's workshop, bubbling cauldrons, and 'Elixir of Life' are labeled on a shelf.","Eine Alchemistenwerkstatt, blubbernde Kessel und ""Lebenselixier"" sind auf einem Regal beschriftet.","An alchemist's workshop, bubbling cauldrons and ""elixir of life"" are labelled on a shelf.",0.9965,PASS,de
GB030,Attribute,node3_attribute,GenAI-Bench,4.7778,A crystal-clear lake reflecting a mountainous landscape.,"Ein kristallklarer See, in dem sich eine bergige Landschaft spiegelt.",A crystal-clear lake reflecting a mountainous landscape.,1.0,PASS,de
GB031,Attribute,node3_attribute,GenAI-Bench,3.3889,An octagonal window framing a spherical ornament.,"Ein achteckiges Fenster, das ein kugelförmiges Ornament einrahmt.",An octagonal window framed by a spherical ornament.,0.9867,PASS,de
GB032,Attribute,node3_attribute,GenAI-Bench,2.0,"A pair of socks, one is striped, but the other is not.","Ein Paar Socken, eine ist gestreift, die andere nicht.","A pair of socks, one is striped, the other is not.",0.9989,PASS,de
GB033,Attribute,node3_attribute,GenAI-Bench,3.0556,"There is one apple and two bananas on the table, and the bananas are not fresher than the apples.","Auf dem Tisch liegen ein Apfel und zwei Bananen, wobei die Bananen nicht frischer sind als die Äpfel.","There is an apple and two bananas on the table, although the bananas are no fresher than the apples.",0.9949,PASS,de
GB034,Attribute,node3_attribute,GenAI-Bench,3.1667,a dog's paw hidden under a fluffy blanket.,eine unter einer flauschigen Decke versteckte Hundepfote.,a dog's paw hidden under a fluffy blanket.,1.0,PASS,de
GB035,Attribute,node3_attribute,GenAI-Bench,5.0,An old windmill overlooking a field of blooming flowers.,Eine alte Windmühle mit Blick auf ein Feld voller blühender Blumen.,An old windmill with a view of a field full of blooming flowers.,0.991,PASS,de
GB036,Attribute,node3_attribute,GenAI-Bench,2.7222,"A laptop sticker that humorously states, 'This Machine Fights Zombies.'","Ein Laptop-Aufkleber mit der humorvollen Aufschrift ""Diese Maschine bekämpft Zombies"".","A laptop sticker with the humorous inscription ""This machine fights zombies"".",0.9563,PASS,de
GB037,Attribute,node3_attribute,GenAI-Bench,4.5556,A lone lighthouse standing guard on a rocky coastline.,"Ein einsamer Leuchtturm, der vor einer felsigen Küste Wache hält.",A lonely lighthouse standing guard off a rocky coast.,0.9847,PASS,de
GB038,Attribute,node3_attribute,GenAI-Bench,2.6667,"A playful kitten with a bell collar on the left, batting at a fluttering butterfly on the right.","Ein verspieltes Kätzchen mit Glöckchenkragen auf der linken Seite, das nach einem flatternden Schmetterling auf der rechten Seite schlägt.","A playful kitten with a bell collar on the left, flapping at a fluttering butterfly on the right.",0.9914,PASS,de
GB039,Attribute,node3_attribute,GenAI-Bench,4.7222,A serene stream winding through a lush meadow at sunrise.,"Ein ruhiger Bach, der sich bei Sonnenaufgang durch eine üppige Wiese schlängelt.",A quiet stream meandering through a lush meadow at sunrise.,0.9771,PASS,de
GB040,Attribute,node3_attribute,GenAI-Bench,2.7222,"Tea steams in a cup, next to a closed diary with a pen resting on its cover.","In einer Tasse dampft Tee, daneben liegt ein geschlossenes Tagebuch, auf dessen Deckel ein Stift ruht.","Tea steams in a cup, next to it lies a closed diary with a pen resting on the lid.",0.9735,PASS,de
GB041,Attribute,node3_attribute,GenAI-Bench,1.7222,"A mystical forest clearing, illuminated by 'Moonlit Path' glowing runes hovering above the ground, guiding wanderers at night.","Eine mystische Waldlichtung, die von den über dem Boden schwebenden, leuchtenden Runen des ""Moonlit Path"" erhellt wird, die den Wanderern den Weg durch die Nacht weisen.","A mystical forest clearing illuminated by the glowing runes of the ""Moonlit Path"" hovering above the ground, showing hikers the way through the night.",0.9846,PASS,de
GB042,Attribute,node3_attribute,GenAI-Bench,4.8889,"A bustling shopping mall, alive with shoppers and bright store displays.",Ein belebtes Einkaufszentrum mit vielen Kunden und bunten Auslagen.,A busy shopping centre with lots of customers and colourful displays.,0.9604,PASS,de
GB043,Attribute,node3_attribute,GenAI-Bench,3.1667,A cat in jeans and a t-shirt lounging on a sunny window sill.,"Eine Katze in Jeans und T-Shirt, die auf einer sonnigen Fensterbank faulenzt.",A cat in jeans and a T-shirt lazing on a sunny windowsill.,0.9843,PASS,de
GB044,Attribute,node3_attribute,GenAI-Bench,2.4444,An antique door knocker with 'Fortune Favors the Bold' inscribed around it.,"Ein antiker Türklopfer mit der Inschrift ""Fortune Favors the Bold"".","An antique door knocker with the inscription ""Fortune Favours the Bold"".",0.9878,PASS,de
GB045,Attribute,node3_attribute,GenAI-Bench,4.5556,an SUV navigating through a rugged mountain trail.,"ein Geländewagen, der durch einen zerklüfteten Bergpfad fährt.",an off-road vehicle driving through a rugged mountain path.,0.9625,PASS,de
GB046,Attribute,node3_attribute,GenAI-Bench,3.6111,the Eiffel Tower adorned with colorful flowers in spring.,"der Eiffelturm, der im Frühling mit bunten Blumen geschmückt ist.","the Eiffel Tower, which is decorated with colourful flowers in spring.",0.9815,PASS,de
GB047,Attribute,node3_attribute,GenAI-Bench,4.4444,Three white seagulls flying over a blue lake.,Drei weiße Möwen fliegen über einen blauen See.,Three white seagulls fly over a blue lake.,0.9933,PASS,de
GB048,Attribute,node3_attribute,GenAI-Bench,2.1667,"There are several sleek laptops on a table, all of which are closed","Auf einem Tisch stehen mehrere schlanke Laptops, die alle geschlossen sind.","There are several slim laptops on a table, all of which are closed.",0.9835,PASS,de
GB049,Attribute,node3_attribute,GenAI-Bench,2.1667,A cherry blossom tree gracefully dancing in a kimono during a spring festival under moonlight.,Ein Kirschblütenbaum tanzt anmutig in einem Kimono während eines Frühlingsfestes im Mondlicht.,A cherry blossom tree dances gracefully in a kimono during a spring festival in the moonlight.,0.994,PASS,de
GB050,Attribute,node3_attribute,GenAI-Bench,2.3333,Five relaxed students but one overwhelmed teacher.,"Fünf entspannte Schüler, aber ein überforderter Lehrer.","Five relaxed pupils, but an overwhelmed teacher.",0.9823,PASS,de
DB001,Colors,node3_attribute,DrawBench,,A black colored banana.,Une banane de couleur noire.,A black banana.,0.9773,PASS,fr
DB002,Colors,node3_attribute,DrawBench,,A blue bird and a brown bear.,Un oiseau bleu et un ours brun.,A blue bird and a brown bear.,1.0,PASS,fr
DB003,Colors,node3_attribute,DrawBench,,A red colored car.,Une voiture de couleur rouge.,A red car.,0.9809,PASS,fr
DB004,Colors,node3_attribute,DrawBench,,A blue cup and a green cell phone.,Un gobelet bleu et un téléphone portable vert.,A blue cup and a green mobile phone.,0.9861,PASS,fr
DB005,Colors,node3_attribute,DrawBench,,An orange colored sandwich.,Un sandwich de couleur orange.,An orange sandwich.,0.9687,PASS,fr
DB006,Colors,node3_attribute,DrawBench,,A white colored sandwich.,Un sandwich de couleur blanche.,A white sandwich.,0.9744,PASS,fr
DB007,Colors,node3_attribute,DrawBench,,A yellow colored giraffe.,Une girafe de couleur jaune.,A yellow giraffe.,0.9805,PASS,fr
DB008,Colors,node3_attribute,DrawBench,,A black colored car.,Une voiture de couleur noire.,A black car.,0.9791,PASS,fr
DB009,Colors,node3_attribute,DrawBench,,A black apple and a green backpack.,Une pomme noire et un sac à dos vert.,A black apple and a green rucksack.,0.9801,PASS,fr
DB010,Colors,node3_attribute,DrawBench,,A blue colored dog.,Un chien de couleur bleue.,A blue dog.,0.9794,PASS,fr
DB011,Colors,node3_attribute,DrawBench,,A pink colored car.,Une voiture de couleur rose.,A pink car.,0.9908,PASS,fr
DB012,Colors,node3_attribute,DrawBench,,A pink colored giraffe.,Une girafe de couleur rose.,A pink giraffe.,0.9823,PASS,fr
DB013,Colors,node3_attribute,DrawBench,,A red car and a white sheep.,Une voiture rouge et un mouton blanc.,A red car and a white sheep.,1.0,PASS,fr
DB014,Counting,node1_object_presence,DrawBench,,One car on the street.,Une voiture dans la rue.,A car in the street.,0.9876,PASS,fr
DB015,Counting,node1_object_presence,DrawBench,,One dog on the street.,Un chien dans la rue.,A dog in the street.,0.9877,PASS,fr
DB016,Counting,node1_object_presence,DrawBench,,One cat and two dogs sitting on the grass.,Un chat et deux chiens assis dans l'herbe.,A cat and two dogs sitting on the grass.,0.985,PASS,fr
DB017,Counting,node1_object_presence,DrawBench,,Two cars on the street.,Deux voitures dans la rue.,Two cars in the street.,0.9984,PASS,fr
DB018,Counting,node1_object_presence,DrawBench,,Four dogs on the street.,Quatre chiens dans la rue.,Four dogs in the street.,0.9985,PASS,fr
DB019,Counting,node1_object_presence,DrawBench,,Three cats and one dog sitting on the grass.,Trois chats et un chien assis dans l'herbe.,Three cats and a dog sitting on the grass.,0.9981,PASS,fr
DB020,Counting,node1_object_presence,DrawBench,,Four cars on the street.,Quatre voitures dans la rue.,Four cars in the street.,0.9984,PASS,fr
DB021,Counting,node1_object_presence,DrawBench,,Two cats and one dog sitting on the grass.,Deux chats et un chien assis dans l'herbe.,Two cats and a dog sitting on the grass.,0.9965,PASS,fr
DB022,Counting,node1_object_presence,DrawBench,,Two cats and three dogs sitting on the grass.,Deux chats et trois chiens assis dans l'herbe.,Two cats and three dogs sitting on the grass.,1.0,PASS,fr
DB023,Counting,node1_object_presence,DrawBench,,Three cats and two dogs sitting on the grass.,Trois chats et deux chiens assis dans l'herbe.,Three cats and two dogs sitting on the grass.,1.0,PASS,fr
DB024,Counting,node1_object_presence,DrawBench,,Three cars on the street.,Trois voitures dans la rue.,Three cars in the street.,0.9984,PASS,fr
DB025,Counting,node1_object_presence,DrawBench,,Five dogs on the street.,Cinq chiens dans la rue.,Five dogs in the street.,0.9983,PASS,fr
DB026,Counting,node1_object_presence,DrawBench,,Three cats and three dogs sitting on the grass.,Trois chats et trois chiens assis dans l'herbe.,Three cats and three dogs sitting on the grass.,1.0,PASS,fr
DB027,Positional,node2_spatial,DrawBench,,A train on top of a surfboard.,Un train sur une planche de surf.,A train on a surfboard.,0.984,PASS,fr
DB028,Positional,node2_spatial,DrawBench,,A stop sign on the right of a refrigerator.,Un panneau d'arrêt à droite d'un réfrigérateur.,A stop sign to the right of a refrigerator.,0.9963,PASS,fr
DB029,Positional,node2_spatial,DrawBench,,A pizza on the right of a suitcase.,Une pizza à droite d'une valise.,A pizza to the right of a suitcase.,0.9846,PASS,fr
DB030,Positional,node2_spatial,DrawBench,,A wine glass on top of a dog.,Un verre à vin sur un chien.,A wine glass on a dog.,0.9713,PASS,fr
DB031,Positional,node2_spatial,DrawBench,,A tennis racket underneath a traffic light.,Une raquette de tennis sous un feu de signalisation.,A tennis racket under a traffic light.,0.9947,PASS,fr
DB032,Positional,node2_spatial,DrawBench,,A giraffe underneath a microwave.,Une girafe sous un micro-ondes.,A giraffe under a microwave.,0.9959,PASS,fr
DB033,Positional,node2_spatial,DrawBench,,A couch on the left of a chair.,Un canapé à gauche d'une chaise.,A sofa to the left of a chair.,0.989,PASS,fr
DB034,Positional,node2_spatial,DrawBench,,An umbrella on top of a spoon.,Un parapluie sur une cuillère.,An umbrella on a spoon.,0.9851,PASS,fr
DB035,Positional,node2_spatial,DrawBench,,A sheep to the right of a wine glass.,Un mouton à droite d'un verre à vin.,A sheep to the right of a wine glass.,1.0,PASS,fr
DB036,Positional,node2_spatial,DrawBench,,A cat on the right of a tennis racket.,Un chat à droite d'une raquette de tennis.,A cat to the right of a tennis racket.,0.9754,PASS,fr
DB037,Positional,node2_spatial,DrawBench,,A cat on the left of a dog.,Un chat à gauche d'un chien.,A cat to the left of a dog.,0.9916,PASS,fr
DB038,Positional,node2_spatial,DrawBench,,A bicycle on top of a boat.,Un vélo sur un bateau.,A bike on a boat.,0.9677,PASS,fr
DB039,Text,node4_typography,DrawBench,,A storefront with 'Hello World' written on it.,"Une vitrine sur laquelle est écrit ""Hello World"".","A window display reading ""Hello World"".",0.8525,PASS,fr
DB040,Text,node4_typography,DrawBench,,New York Skyline with 'NeurIPS' written with fireworks on the sky.,"Skyline de New York avec l'inscription ""NeurIPS"" et des feux d'artifice dans le ciel.","New York skyline with the words ""NeurIPS"" and fireworks in the sky.",0.9698,PASS,fr
DB041,Text,node4_typography,DrawBench,,New York Skyline with 'Diffusion' written with fireworks on the sky.,"Skyline de New York avec l'inscription ""Diffusion"" et des feux d'artifice dans le ciel.","New York skyline with the inscription ""Diffusion"" and fireworks in the sky.",0.9571,PASS,fr
DB042,Text,node4_typography,DrawBench,,A storefront with 'Diffusion' written on it.,"Une vitrine sur laquelle est inscrit ""Diffusion"".","A window display reading ""Diffusion"".",0.8543,PASS,fr
DB043,Text,node4_typography,DrawBench,,A sign that says 'Diffusion'.,"Un panneau indiquant ""Diffusion"".","A sign indicating ""Diffusion"".",0.9497,PASS,fr
DB044,Text,node4_typography,DrawBench,,A storefront with 'Google Brain Toronto' written on it.,"Une vitrine sur laquelle est inscrit ""Google Brain Toronto"".","A window display that reads ""Google Brain Toronto"".",0.8718,PASS,fr
DB045,Text,node4_typography,DrawBench,,A sign that says 'Deep Learning'.,"Un panneau indiquant ""Deep Learning"" (apprentissage en profondeur).","A sign reading ""Deep Learning"".",0.9799,PASS,fr
DB046,Text,node4_typography,DrawBench,,A storefront with 'NeurIPS' written on it.,"Une vitrine sur laquelle est inscrit ""NeurIPS"".","A window display reading ""NeurIPS"".",0.8578,PASS,fr
DB047,Text,node4_typography,DrawBench,,New York Skyline with 'Deep Learning' written with fireworks on the sky.,"Skyline de New York avec l'inscription ""Deep Learning"" et des feux d'artifice dans le ciel.","New York skyline with the words ""Deep Learning"" and fireworks in the sky.",0.9605,PASS,fr
DB048,Text,node4_typography,DrawBench,,New York Skyline with 'Text to Image' written with fireworks on the sky.,Skyline de New York avec 'Text to Image' écrit avec des feux d'artifice dans le ciel.,New York skyline with 'Text to Image' written with fireworks in the sky.,0.9852,PASS,fr
DB049,Text,node4_typography,DrawBench,,A sign that says 'Google Research Pizza Cafe'.,"Un panneau indiquant ""Google Research Pizza Cafe"".","A sign reading ""Google Research Pizza Cafe"".",0.9867,PASS,fr
DB050,Text,node4_typography,DrawBench,,A storefront with 'Text to Image' written on it.,"Une vitrine sur laquelle est inscrit ""Text to Image"".","A window display that reads ""Text to Image"".",0.8884,PASS,fr
GB001,Spatial Relation,node2_spatial,GenAI-Bench,4.8333,A peaceful pathway lined with blooming flowers leading to a hidden garden.,Un sentier paisible bordé de fleurs épanouies menant à un jardin caché.,A peaceful path lined with blossoming flowers leads to a hidden garden.,0.9698,PASS,fr
GB002,Spatial Relation,node2_spatial,GenAI-Bench,3.8333,"A girl has three flower decorations in her hair, all of them daisies.","Une jeune fille porte dans ses cheveux trois décorations florales, toutes des marguerites.","A young girl wears three floral decorations in her hair, all daisies.",0.9044,PASS,fr
GB003,Spatial Relation,node2_spatial,GenAI-Bench,3.4444,A mermaid with pearl hairpins beneath the waves.,Une sirène avec des épingles à cheveux en perles sous les vagues.,A mermaid with pearl hairpins under the waves.,0.9972,PASS,fr
GB004,Spatial Relation,node2_spatial,GenAI-Bench,4.0556,A bear wearing a sweater and reading a book by the fireplace.,Un ours portant un pull et lisant un livre au coin du feu.,A bear wearing a jumper and reading a book by the fire.,0.9585,PASS,fr
GB005,Spatial Relation,node2_spatial,GenAI-Bench,3.4444,"In the pond, two ducks swim near each other: the larger one has a bright green head, while the smaller one is all brown.","Dans l'étang, deux canards nagent l'un près de l'autre : le plus gros a une tête vert vif, tandis que le plus petit est tout brun.","In the pond, two ducks are swimming close together: the larger one has a bright green head, while the smaller one is all brown.",0.9897,PASS,fr
GB006,Spatial Relation,node2_spatial,GenAI-Bench,2.5,"There are four roses in a clear glass vase, all of which are red, and all of which are not open.","Il y a quatre roses dans un vase en verre transparent, qui sont toutes rouges et qui ne sont pas ouvertes.","There are four roses in a clear glass vase, all red and unopened.",0.986,PASS,fr
GB007,Spatial Relation,node2_spatial,GenAI-Bench,3.7222,"In a basket, there are many cauliflowers, all green except for the one in the middle, which is yellow.","Dans un panier, il y a beaucoup de choux-fleurs, tous verts sauf celui du milieu qui est jaune.","There are lots of cauliflowers in a basket, all green except for the one in the middle, which is yellow.",0.9876,PASS,fr
GB008,Spatial Relation,node2_spatial,GenAI-Bench,3.4444,The brown dog chases the black dog around the tree.,Le chien brun poursuit le chien noir autour de l'arbre.,The brown dog chases the black dog around the tree.,1.0,PASS,fr
GB009,Spatial Relation,node2_spatial,GenAI-Bench,4.2778,"a futuristic cityscape at dusk, with flying cars zooming between neon-lit skyscrapers.","un paysage urbain futuriste au crépuscule, avec des voitures volantes filant entre les gratte-ciel éclairés au néon.","a futuristic cityscape at dusk, with flying cars darting between neon-lit skyscrapers.",0.9933,PASS,fr
GB010,Spatial Relation,node2_spatial,GenAI-Bench,3.9444,A ceramic bowl filled with water sits next to a steel door that leads to the garden.,Un bol en céramique rempli d'eau se trouve à côté d'une porte en acier qui mène au jardin.,A ceramic bowl filled with water stands next to a steel door leading to the garden.,0.9889,PASS,fr
GB011,Spatial Relation,node2_spatial,GenAI-Bench,3.0,"There are four train toys on the floor, none of which are adjacent to each other.","Il y a quatre jouets ferroviaires sur le sol, mais aucun n'est adjacent à un autre.","There are four toy trains on the ground, but none of them are adjacent to each other.",0.9505,PASS,fr
GB012,Spatial Relation,node2_spatial,GenAI-Bench,3.2778,"A dog, a cat and a bird on a chair.","Un chien, un chat et un oiseau sur une chaise.","A dog, a cat and a bird on a chair.",1.0,PASS,fr
GB013,Spatial Relation,node2_spatial,GenAI-Bench,4.2222,a bouquet of tulips sprouting from an open book.,un bouquet de tulipes jaillissant d'un livre ouvert.,a bouquet of tulips bursting from an open book.,0.9914,PASS,fr
GB014,Spatial Relation,node2_spatial,GenAI-Bench,3.0,"A row of houses with chimneys, but no smoke coming out.","Une rangée de maisons avec des cheminées, mais sans fumée.","A row of houses with chimneys, but no smoke.",0.9955,PASS,fr
GB015,Spatial Relation,node2_spatial,GenAI-Bench,2.3889,"A cheerful dog with a frisbee in its mouth on the right, chasing a rolling ball on the left.","Un chien joyeux avec un frisbee dans la gueule à droite, poursuivant une balle qui roule à gauche.","A happy dog with a Frisbee in its mouth on the right, chasing a ball rolling on the left.",0.9857,PASS,fr
GB016,Spatial Relation,node2_spatial,GenAI-Bench,3.2222,A person in a brown raincoat laughing with another person clad in a sleek black trench coat under a shared umbrella.,Une personne vêtue d'un imperméable marron rit avec une autre personne vêtue d'un élégant trench-coat noir sous un parapluie commun.,One person in a brown mackintosh laughs with another in an elegant black trench coat under a shared umbrella.,0.8639,PASS,fr
GB017,Spatial Relation,node2_spatial,GenAI-Bench,3.5556,A painter on a ladder adds stars to a mural of the night sky on a city wall.,Un peintre sur une échelle ajoute des étoiles à une peinture murale du ciel nocturne sur un mur de la ville.,A painter on a ladder adds stars to a mural of the night sky on a city wall.,1.0,PASS,fr
GB018,Spatial Relation,node2_spatial,GenAI-Bench,2.8889,A sphinx talking with travelers in front of the Pyramids at sunset.,Un sphinx discutant avec des voyageurs devant les Pyramides au coucher du soleil.,A sphinx talking to travellers in front of the Pyramids at sunset.,0.995,PASS,fr
GB019,Spatial Relation,node2_spatial,GenAI-Bench,2.3889,"Three small, non-blue boxes on a large blue box.",Trois petites boîtes non bleues sur une grande boîte bleue.,Three small non-blue boxes on a large blue box.,0.999,PASS,fr
GB020,Spatial Relation,node2_spatial,GenAI-Bench,2.8333,"A polished, copper kettle steams on the stove, catching the attention of a curious cat perched on a nearby chair.","Une bouilloire en cuivre poli vaporise sur le poêle, attirant l'attention d'un chat curieux perché sur une chaise voisine.","A polished copper kettle steams on the stove, attracting the attention of a curious cat perched on a nearby chair.",0.9965,PASS,fr
GB021,Spatial Relation,node2_spatial,GenAI-Bench,3.0556,Several umbrellas of varying colors leaned against stands in the hallway.,Plusieurs parapluies de différentes couleurs sont posés sur des supports dans le couloir.,Several umbrellas in different colours are placed on stands in the corridor.,0.9591,PASS,fr
GB022,Spatial Relation,node2_spatial,GenAI-Bench,2.8333,A hat is perched on the table and a coat is draped on the chair.,Un chapeau est posé sur la table et un manteau est drapé sur la chaise.,A hat is on the table and a coat is draped over the chair.,0.9951,PASS,fr
GB023,Spatial Relation,node2_spatial,GenAI-Bench,2.3889,"Two children sitting on the bed, the one on the left making faces, the one on the right not making faces.","Deux enfants assis sur le lit, celui de gauche faisant des grimaces, celui de droite ne faisant pas de grimaces.","Two children sitting on the bed, the one on the left making faces, the one on the right not making faces.",1.0,PASS,fr
GB024,Spatial Relation,node2_spatial,GenAI-Bench,3.8333,"A leather-bound notebook lying on a linen tablecloth, accompanied by a brass pen.","Un carnet relié en cuir posé sur une nappe en lin, accompagné d'un stylo en laiton.","A leather-bound notebook on a linen tablecloth, accompanied by a brass pen.",0.9827,PASS,fr
GB025,Spatial Relation,node2_spatial,GenAI-Bench,2.4444,"A weeping willow as a poet, writing verses that sway with its branches by a serene lake.","Un saule pleureur en tant que poète, écrivant des vers qui se balancent avec ses branches au bord d'un lac serein.","A weeping willow as a poet, writing verses that sway with its branches beside a serene lake.",0.9992,PASS,fr
GB026,Attribute,node3_attribute,GenAI-Bench,3.8889,"Three people are sitting elegantly around a round table, each holding a cup of coffee.","Trois personnes sont élégamment assises autour d'une table ronde, chacune tenant une tasse de café.","Three people are elegantly seated around a round table, each holding a cup of coffee.",0.9945,PASS,fr
GB027,Attribute,node3_attribute,GenAI-Bench,2.3333,A nurse not administering a vaccine to a young child.,Une infirmière n'administrant pas un vaccin à un jeune enfant.,A nurse not administering a vaccine to a young child.,1.0,PASS,fr
GB028,Attribute,node3_attribute,GenAI-Bench,1.1667,Eight wavy lines are under three polygonal signs.,Huit lignes ondulées sont placées sous trois signes polygonaux.,Eight wavy lines are placed under three polygonal signs.,0.9929,PASS,fr
GB029,Attribute,node3_attribute,GenAI-Bench,2.4444,"An alchemist's workshop, bubbling cauldrons, and 'Elixir of Life' are labeled on a shelf.","Un atelier d'alchimiste, des chaudrons bouillonnants et un ""élixir de vie"" sont étiquetés sur une étagère.","An alchemist's workshop, bubbling cauldrons and an 'elixir of life' are labelled on a shelf.",0.9953,PASS,fr
GB030,Attribute,node3_attribute,GenAI-Bench,4.7778,A crystal-clear lake reflecting a mountainous landscape.,Un lac cristallin reflétant un paysage montagneux.,A crystal-clear lake reflecting a mountainous landscape.,1.0,PASS,fr
GB031,Attribute,node3_attribute,GenAI-Bench,3.3889,An octagonal window framing a spherical ornament.,Fenêtre octogonale encadrant un ornement sphérique.,Octagonal window framing a spherical ornament.,0.9617,PASS,fr
GB032,Attribute,node3_attribute,GenAI-Bench,2.0,"A pair of socks, one is striped, but the other is not.","Une paire de chaussettes, dont l'une est rayée, mais pas l'autre.","A pair of socks, one striped but not the other.",0.9959,PASS,fr
GB033,Attribute,node3_attribute,GenAI-Bench,3.0556,"There is one apple and two bananas on the table, and the bananas are not fresher than the apples.","Il y a une pomme et deux bananes sur la table, et les bananes ne sont pas plus fraîches que les pommes.","There's an apple and two bananas on the table, and the bananas are no fresher than the apples.",0.9961,PASS,fr
GB034,Attribute,node3_attribute,GenAI-Bench,3.1667,a dog's paw hidden under a fluffy blanket.,une patte de chien cachée sous une couverture moelleuse.,a dog's paw hidden under a soft blanket.,0.9875,PASS,fr
GB035,Attribute,node3_attribute,GenAI-Bench,5.0,An old windmill overlooking a field of blooming flowers.,Un vieux moulin à vent surplombant un champ de fleurs.,An old windmill overlooking a field of flowers.,0.9906,PASS,fr
GB036,Attribute,node3_attribute,GenAI-Bench,2.7222,"A laptop sticker that humorously states, 'This Machine Fights Zombies.'","Un autocollant pour ordinateur portable qui indique avec humour : ""Cette machine combat les zombies"".","A laptop sticker that humorously says: ""This machine fights zombies"".",0.9864,PASS,fr
GB037,Attribute,node3_attribute,GenAI-Bench,4.5556,A lone lighthouse standing guard on a rocky coastline.,Un phare solitaire monte la garde sur une côte rocheuse.,A solitary lighthouse stands guard on a rocky coastline.,0.9908,PASS,fr
GB038,Attribute,node3_attribute,GenAI-Bench,2.6667,"A playful kitten with a bell collar on the left, batting at a fluttering butterfly on the right.","Un chaton enjoué avec un collier à clochettes à gauche, se battant avec un papillon flottant à droite.","A playful kitten with a bell collar on the left, fighting with a floating butterfly on the right.",0.9817,PASS,fr
GB039,Attribute,node3_attribute,GenAI-Bench,4.7222,A serene stream winding through a lush meadow at sunrise.,Un ruisseau serein serpentant dans une prairie luxuriante au lever du soleil.,A serene stream meanders through lush meadows at sunrise.,0.9836,PASS,fr
GB040,Attribute,node3_attribute,GenAI-Bench,2.7222,"Tea steams in a cup, next to a closed diary with a pen resting on its cover.","Le thé vaporise dans une tasse, à côté d'un agenda fermé, un stylo posé sur sa couverture.","Tea sprays into a mug, next to a closed diary, a pen resting on its cover.",0.9621,PASS,fr
GB041,Attribute,node3_attribute,GenAI-Bench,1.7222,"A mystical forest clearing, illuminated by 'Moonlit Path' glowing runes hovering above the ground, guiding wanderers at night.","Une clairière mystique, éclairée par des runes lumineuses ""Moonlit Path"" qui planent au-dessus du sol et guident les promeneurs la nuit.","A mystical clearing, illuminated by luminous ""Moonlit Path"" runes that hover above the ground and guide walkers at night.",0.944,PASS,fr
GB042,Attribute,node3_attribute,GenAI-Bench,4.8889,"A bustling shopping mall, alive with shoppers and bright store displays.","Un centre commercial animé, avec des clients et des étalages de magasins brillants.","A bustling shopping centre, with shoppers and brilliant shop displays.",0.9779,PASS,fr
GB043,Attribute,node3_attribute,GenAI-Bench,3.1667,A cat in jeans and a t-shirt lounging on a sunny window sill.,Un chat en jean et t-shirt se prélassant sur le rebord d'une fenêtre ensoleillée.,A cat in jeans and a T-shirt lounging on a sunny windowsill.,0.992,PASS,fr
GB044,Attribute,node3_attribute,GenAI-Bench,2.4444,An antique door knocker with 'Fortune Favors the Bold' inscribed around it.,"Un heurtoir de porte antique portant l'inscription ""Fortune Favors the Bold"" (la fortune sourit aux audacieux).","An antique door knocker bearing the inscription ""Fortune Favors the Bold"".",0.9847,PASS,fr
GB045,Attribute,node3_attribute,GenAI-Bench,4.5556,an SUV navigating through a rugged mountain trail.,un véhicule utilitaire sport circulant sur une piste de montagne accidentée.,a sports utility vehicle on a rough mountain track.,0.9052,PASS,fr
GB046,Attribute,node3_attribute,GenAI-Bench,3.6111,the Eiffel Tower adorned with colorful flowers in spring.,la Tour Eiffel parée de fleurs colorées au printemps.,The Eiffel Tower decked out in colourful spring flowers.,0.9923,PASS,fr
GB047,Attribute,node3_attribute,GenAI-Bench,4.4444,Three white seagulls flying over a blue lake.,Trois mouettes blanches survolant un lac bleu.,Three white seagulls flying over a blue lake.,1.0,PASS,fr
GB048,Attribute,node3_attribute,GenAI-Bench,2.1667,"There are several sleek laptops on a table, all of which are closed","Plusieurs ordinateurs portables aux lignes épurées sont posés sur une table, tous fermés","Several sleek laptops sit on a table, all closed.",0.9754,PASS,fr
GB049,Attribute,node3_attribute,GenAI-Bench,2.1667,A cherry blossom tree gracefully dancing in a kimono during a spring festival under moonlight.,Un cerisier en fleurs dansant gracieusement en kimono lors d'un festival de printemps au clair de lune.,A cherry blossom tree gracefully dancing in kimono at a moonlit spring festival.,0.9866,PASS,fr
GB050,Attribute,node3_attribute,GenAI-Bench,2.3333,Five relaxed students but one overwhelmed teacher.,Cinq élèves détendus mais un professeur dépassé.,"Five relaxed students, but one overwhelmed teacher.",0.9974,PASS,fr
DB001,Colors,node3_attribute,DrawBench,,A black colored banana.,Un plátano de color negro.,A black banana.,0.9773,PASS,es
DB002,Colors,node3_attribute,DrawBench,,A blue bird and a brown bear.,Un pájaro azul y un oso pardo.,A blue bird and a brown bear.,1.0,PASS,es
DB003,Colors,node3_attribute,DrawBench,,A red colored car.,Un coche de color rojo.,A red car.,0.9809,PASS,es
DB004,Colors,node3_attribute,DrawBench,,A blue cup and a green cell phone.,Una taza azul y un móvil verde.,A blue cup and a green mobile.,0.952,PASS,es
DB005,Colors,node3_attribute,DrawBench,,An orange colored sandwich.,Un bocadillo de color naranja.,An orange snack.,0.8974,PASS,es
DB006,Colors,node3_attribute,DrawBench,,A white colored sandwich.,Un bocadillo de color blanco.,A white sandwich.,0.9744,PASS,es
DB007,Colors,node3_attribute,DrawBench,,A yellow colored giraffe.,Una jirafa de color amarillo.,A yellow giraffe.,0.9805,PASS,es
DB008,Colors,node3_attribute,DrawBench,,A black colored car.,Un coche de color negro.,A black car.,0.9791,PASS,es
DB009,Colors,node3_attribute,DrawBench,,A black apple and a green backpack.,Una manzana negra y una mochila verde.,A black apple and a green backpack.,1.0,PASS,es
DB010,Colors,node3_attribute,DrawBench,,A blue colored dog.,Un perro de color azul.,A blue-coloured dog.,0.9835,PASS,es
DB011,Colors,node3_attribute,DrawBench,,A pink colored car.,Un coche de color rosa.,A pink car.,0.9908,PASS,es
DB012,Colors,node3_attribute,DrawBench,,A pink colored giraffe.,Una jirafa de color rosa.,A pink giraffe.,0.9823,PASS,es
DB013,Colors,node3_attribute,DrawBench,,A red car and a white sheep.,Un coche rojo y una oveja blanca.,A red car and a white sheep.,1.0,PASS,es
DB014,Counting,node1_object_presence,DrawBench,,One car on the street.,Un coche en la calle.,A car in the street.,0.9876,PASS,es
DB015,Counting,node1_object_presence,DrawBench,,One dog on the street.,Un perro en la calle.,A dog in the street.,0.9877,PASS,es
DB016,Counting,node1_object_presence,DrawBench,,One cat and two dogs sitting on the grass.,Un gato y dos perros sentados en la hierba.,A cat and two dogs sitting on the grass.,0.985,PASS,es
DB017,Counting,node1_object_presence,DrawBench,,Two cars on the street.,Dos coches en la calle.,Two cars in the street.,0.9984,PASS,es
DB018,Counting,node1_object_presence,DrawBench,,Four dogs on the street.,Cuatro perros en la calle.,Four dogs in the street.,0.9985,PASS,es
DB019,Counting,node1_object_presence,DrawBench,,Three cats and one dog sitting on the grass.,Tres gatos y un perro sentados en la hierba.,Three cats and a dog sitting on the grass.,0.9981,PASS,es
DB020,Counting,node1_object_presence,DrawBench,,Four cars on the street.,Cuatro coches en la calle.,Four cars on the street.,1.0,PASS,es
DB021,Counting,node1_object_presence,DrawBench,,Two cats and one dog sitting on the grass.,Dos gatos y un perro sentados en la hierba.,Two cats and a dog sitting on the grass.,0.9965,PASS,es
DB022,Counting,node1_object_presence,DrawBench,,Two cats and three dogs sitting on the grass.,Dos gatos y tres perros sentados en la hierba.,Two cats and three dogs sitting on the grass.,1.0,PASS,es
DB023,Counting,node1_object_presence,DrawBench,,Three cats and two dogs sitting on the grass.,Tres gatos y dos perros sentados en la hierba.,Three cats and two dogs sitting on the grass.,1.0,PASS,es
DB024,Counting,node1_object_presence,DrawBench,,Three cars on the street.,Tres coches en la calle.,Three cars in the street.,0.9984,PASS,es
DB025,Counting,node1_object_presence,DrawBench,,Five dogs on the street.,Cinco perros en la calle.,Five dogs in the street.,0.9983,PASS,es
DB026,Counting,node1_object_presence,DrawBench,,Three cats and three dogs sitting on the grass.,Tres gatos y tres perros sentados en la hierba.,Three cats and three dogs sitting on the grass.,1.0,PASS,es
DB027,Positional,node2_spatial,DrawBench,,A train on top of a surfboard.,Un tren encima de una tabla de surf.,A train on a surfboard.,0.984,PASS,es
DB028,Positional,node2_spatial,DrawBench,,A stop sign on the right of a refrigerator.,Una señal de stop a la derecha de un frigorífico.,A stop sign to the right of a refrigerator.,0.9963,PASS,es
DB029,Positional,node2_spatial,DrawBench,,A pizza on the right of a suitcase.,Una pizza a la derecha de una maleta.,A pizza to the right of a suitcase.,0.9846,PASS,es
DB030,Positional,node2_spatial,DrawBench,,A wine glass on top of a dog.,Una copa de vino encima de un perro.,A glass of wine on top of a dog.,0.9843,PASS,es
DB031,Positional,node2_spatial,DrawBench,,A tennis racket underneath a traffic light.,Una raqueta de tenis debajo de un semáforo.,A tennis racket under a traffic light.,0.9947,PASS,es
DB032,Positional,node2_spatial,DrawBench,,A giraffe underneath a microwave.,Una jirafa debajo de un microondas.,A giraffe under a microwave.,0.9959,PASS,es
DB033,Positional,node2_spatial,DrawBench,,A couch on the left of a chair.,Un sofá a la izquierda de una silla.,A sofa to the left of a chair.,0.989,PASS,es
DB034,Positional,node2_spatial,DrawBench,,An umbrella on top of a spoon.,Un paraguas encima de una cuchara.,An umbrella on top of a spoon.,1.0,PASS,es
DB035,Positional,node2_spatial,DrawBench,,A sheep to the right of a wine glass.,Una oveja a la derecha de una copa de vino.,A sheep to the right of a glass of wine.,0.9922,PASS,es
DB036,Positional,node2_spatial,DrawBench,,A cat on the right of a tennis racket.,Un gato a la derecha de una raqueta de tenis.,A cat to the right of a tennis racket.,0.9754,PASS,es
DB037,Positional,node2_spatial,DrawBench,,A cat on the left of a dog.,Un gato a la izquierda de un perro.,A cat to the left of a dog.,0.9916,PASS,es
DB038,Positional,node2_spatial,DrawBench,,A bicycle on top of a boat.,Una bicicleta encima de un barco.,A bicycle on top of a boat.,1.0,PASS,es
DB039,Text,node4_typography,DrawBench,,A storefront with 'Hello World' written on it.,"Un escaparate con ""Hola Mundo"" escrito en él.","A shop window with ""Hello World"" written on it.",0.9114,PASS,es
DB040,Text,node4_typography,DrawBench,,New York Skyline with 'NeurIPS' written with fireworks on the sky.,"Skyline de Nueva York con ""NeurIPS"" escrito y fuegos artificiales en el cielo.","New York skyline with ""NeurIPS"" written on it and fireworks in the sky.",0.9789,PASS,es
DB041,Text,node4_typography,DrawBench,,New York Skyline with 'Diffusion' written with fireworks on the sky.,Skyline de Nueva York con 'Diffusion' escrito con fuegos artificiales en el cielo.,New York skyline with 'Diffusion' written with fireworks in the sky.,0.9877,PASS,es
DB042,Text,node4_typography,DrawBench,,A storefront with 'Diffusion' written on it.,"Un escaparate con ""Diffusion"" escrito en él.","A shop window with ""Diffusion"" written on it.",0.9198,PASS,es
DB043,Text,node4_typography,DrawBench,,A sign that says 'Diffusion'.,"Un cartel que dice ""Difusión"".","A sign saying ""Diffusion"".",0.9871,PASS,es
DB044,Text,node4_typography,DrawBench,,A storefront with 'Google Brain Toronto' written on it.,"Un escaparate con la inscripción ""Google Brain Toronto"".","A window display with the inscription ""Google Brain Toronto"".",0.8462,REVIEW,es
DB045,Text,node4_typography,DrawBench,,A sign that says 'Deep Learning'.,"Un cartel que dice ""Aprendizaje profundo"".","A sign that says ""Deep Learning"".",0.9995,PASS,es
DB046,Text,node4_typography,DrawBench,,A storefront with 'NeurIPS' written on it.,"Un escaparate con ""NeurIPS"" escrito en él.","A shop window with ""NeurIPS"" written on it.",0.9227,PASS,es
DB047,Text,node4_typography,DrawBench,,New York Skyline with 'Deep Learning' written with fireworks on the sky.,"Skyline de Nueva York con ""Deep Learning"" escrito y fuegos artificiales en el cielo.","New York skyline with ""Deep Learning"" written on it and fireworks in the sky.",0.9778,PASS,es
DB048,Text,node4_typography,DrawBench,,New York Skyline with 'Text to Image' written with fireworks on the sky.,Skyline de Nueva York con 'Texto a Imagen' escrito con fuegos artificiales en el cielo.,New York skyline with 'Text to Picture' written with fireworks in the sky.,0.977,PASS,es
DB049,Text,node4_typography,DrawBench,,A sign that says 'Google Research Pizza Cafe'.,"Un cartel que dice ""Google Research Pizza Cafe"".","A sign saying ""Google Research Pizza Cafe"".",0.9945,PASS,es
DB050,Text,node4_typography,DrawBench,,A storefront with 'Text to Image' written on it.,"Un escaparate con la leyenda ""Texto a imagen"".","A shop window with the caption ""Text to image"".",0.9373,PASS,es
GB001,Spatial Relation,node2_spatial,GenAI-Bench,4.8333,A peaceful pathway lined with blooming flowers leading to a hidden garden.,Un apacible camino bordeado de flores que conduce a un jardín oculto.,A peaceful flower-lined path leads to a hidden garden.,0.9506,PASS,es
GB002,Spatial Relation,node2_spatial,GenAI-Bench,3.8333,"A girl has three flower decorations in her hair, all of them daisies.","Una niña lleva tres adornos florales en el pelo, todos ellos margaritas.","A girl wears three floral ornaments in her hair, all of them daisies.",0.9675,PASS,es
GB003,Spatial Relation,node2_spatial,GenAI-Bench,3.4444,A mermaid with pearl hairpins beneath the waves.,Una sirena con horquillas de perlas bajo las olas.,A mermaid with pearl hairpins beneath the waves.,1.0,PASS,es
GB004,Spatial Relation,node2_spatial,GenAI-Bench,4.0556,A bear wearing a sweater and reading a book by the fireplace.,Un oso con jersey y leyendo un libro junto a la chimenea.,A bear wearing a jumper and reading a book by the fireplace.,0.9788,PASS,es
GB005,Spatial Relation,node2_spatial,GenAI-Bench,3.4444,"In the pond, two ducks swim near each other: the larger one has a bright green head, while the smaller one is all brown.","En el estanque, dos patos nadan uno cerca del otro: el más grande tiene la cabeza de color verde brillante, mientras que el más pequeño es todo marrón.","In the pond, two ducks swim close to each other: the larger one has a bright green head, while the smaller one is all brown.",0.994,PASS,es
GB006,Spatial Relation,node2_spatial,GenAI-Bench,2.5,"There are four roses in a clear glass vase, all of which are red, and all of which are not open.","Hay cuatro rosas en un jarrón de cristal transparente, todas rojas y sin abrir.","There are four roses in a clear glass vase, all red and unopened.",0.986,PASS,es
GB007,Spatial Relation,node2_spatial,GenAI-Bench,3.7222,"In a basket, there are many cauliflowers, all green except for the one in the middle, which is yellow.","En una cesta hay muchas coliflores, todas verdes excepto la del centro, que es amarilla.","In a basket there are many cauliflowers, all green except the one in the middle, which is yellow.",0.9913,PASS,es
GB008,Spatial Relation,node2_spatial,GenAI-Bench,3.4444,The brown dog chases the black dog around the tree.,El perro marrón persigue al perro negro alrededor del árbol.,The brown dog chases the black dog around the tree.,1.0,PASS,es
GB009,Spatial Relation,node2_spatial,GenAI-Bench,4.2778,"a futuristic cityscape at dusk, with flying cars zooming between neon-lit skyscrapers.","un paisaje urbano futurista al atardecer, con coches voladores que vuelan entre rascacielos iluminados con neón.","a futuristic cityscape at sunset, with flying cars flying between neon-lit skyscrapers.",0.9779,PASS,es
GB010,Spatial Relation,node2_spatial,GenAI-Bench,3.9444,A ceramic bowl filled with water sits next to a steel door that leads to the garden.,Junto a una puerta de acero que da al jardín hay un cuenco de cerámica lleno de agua.,Next to a steel door leading to the garden is a ceramic bowl filled with water.,0.9704,PASS,es
GB011,Spatial Relation,node2_spatial,GenAI-Bench,3.0,"There are four train toys on the floor, none of which are adjacent to each other.","Hay cuatro trenes de juguete en el suelo, ninguno de ellos adyacente al otro.","There are four toy trains on the ground, none of them adjacent to each other.",0.9498,PASS,es
GB012,Spatial Relation,node2_spatial,GenAI-Bench,3.2778,"A dog, a cat and a bird on a chair.","Un perro, un gato y un pájaro en una silla.","A dog, a cat and a bird on a chair.",1.0,PASS,es
GB013,Spatial Relation,node2_spatial,GenAI-Bench,4.2222,a bouquet of tulips sprouting from an open book.,un ramo de tulipanes brotando de un libro abierto.,a bouquet of tulips sprouting from an open book.,1.0,PASS,es
GB014,Spatial Relation,node2_spatial,GenAI-Bench,3.0,"A row of houses with chimneys, but no smoke coming out.","Una hilera de casas con chimeneas, pero de las que no sale humo.","A row of houses with chimneys, but no smoke coming out of them.",0.9982,PASS,es
GB015,Spatial Relation,node2_spatial,GenAI-Bench,2.3889,"A cheerful dog with a frisbee in its mouth on the right, chasing a rolling ball on the left.","Un alegre perro con un frisbee en la boca a la derecha, persiguiendo una pelota rodante a la izquierda.","A happy dog with a Frisbee in his mouth on the right, chasing a rolling ball on the left.",0.9828,PASS,es
GB016,Spatial Relation,node2_spatial,GenAI-Bench,3.2222,A person in a brown raincoat laughing with another person clad in a sleek black trench coat under a shared umbrella.,Una persona con un impermeable marrón ríe con otra vestida con una elegante gabardina negra bajo un paraguas compartido.,One person in a brown mackintosh laughs with another in a smart black trench coat under a shared umbrella.,0.8368,REVIEW,es
GB017,Spatial Relation,node2_spatial,GenAI-Bench,3.5556,A painter on a ladder adds stars to a mural of the night sky on a city wall.,Un pintor en una escalera añade estrellas a un mural del cielo nocturno en una pared de la ciudad.,A painter on a ladder adds stars to a mural of the night sky on a city wall.,1.0,PASS,es
GB018,Spatial Relation,node2_spatial,GenAI-Bench,2.8889,A sphinx talking with travelers in front of the Pyramids at sunset.,Una esfinge conversa con los viajeros frente a las Pirámides al atardecer.,A sphinx converses with travellers in front of the Pyramids at sunset.,0.9886,PASS,es
GB019,Spatial Relation,node2_spatial,GenAI-Bench,2.3889,"Three small, non-blue boxes on a large blue box.",Tres cajas pequeñas no azules sobre una caja azul grande.,Three small non-blue boxes on top of a large blue box.,0.9938,PASS,es
GB020,Spatial Relation,node2_spatial,GenAI-Bench,2.8333,"A polished, copper kettle steams on the stove, catching the attention of a curious cat perched on a nearby chair.","Una tetera de cobre pulido humea en el fogón, llamando la atención de un curioso gato posado en una silla cercana.","A polished copper kettle smokes on the cooker, attracting the attention of a curious cat perched on a nearby chair.",0.9814,PASS,es
GB021,Spatial Relation,node2_spatial,GenAI-Bench,3.0556,Several umbrellas of varying colors leaned against stands in the hallway.,Varios paraguas de distintos colores se apoyaban en los soportes del pasillo.,Several umbrellas of different colours were leaning on stands in the corridor.,0.9539,PASS,es
GB022,Spatial Relation,node2_spatial,GenAI-Bench,2.8333,A hat is perched on the table and a coat is draped on the chair.,Hay un sombrero sobre la mesa y un abrigo sobre la silla.,There is a hat on the table and a coat on the chair.,0.9747,PASS,es
GB023,Spatial Relation,node2_spatial,GenAI-Bench,2.3889,"Two children sitting on the bed, the one on the left making faces, the one on the right not making faces.","Dos niños sentados en la cama, el de la izquierda haciendo muecas, el de la derecha sin hacer muecas.","Two children sitting on the bed, the one on the left making faces, the one on the right not making faces.",1.0,PASS,es
GB024,Spatial Relation,node2_spatial,GenAI-Bench,3.8333,"A leather-bound notebook lying on a linen tablecloth, accompanied by a brass pen.","Un cuaderno encuadernado en piel sobre un mantel de lino, acompañado de una pluma de latón.","A leather-bound notebook on a linen tablecloth, accompanied by a brass pen.",0.9827,PASS,es
GB025,Spatial Relation,node2_spatial,GenAI-Bench,2.4444,"A weeping willow as a poet, writing verses that sway with its branches by a serene lake.","Un sauce llorón como poeta, escribiendo versos que se mecen con sus ramas junto a un lago sereno.","A weeping willow as a poet, writing verses swaying with its branches by a serene lake.",0.9951,PASS,es
GB026,Attribute,node3_attribute,GenAI-Bench,3.8889,"Three people are sitting elegantly around a round table, each holding a cup of coffee.","Tres personas están sentadas elegantemente alrededor de una mesa redonda, cada una con una taza de café en la mano.","Three people are seated elegantly around a round table, each with a cup of coffee in hand.",0.9916,PASS,es
GB027,Attribute,node3_attribute,GenAI-Bench,2.3333,A nurse not administering a vaccine to a young child.,Una enfermera no administra una vacuna a un niño pequeño.,A nurse does not administer a vaccine to a young child.,0.9523,PASS,es
GB028,Attribute,node3_attribute,GenAI-Bench,1.1667,Eight wavy lines are under three polygonal signs.,Ocho líneas onduladas se encuentran bajo tres signos poligonales.,Eight wavy lines are found under three polygonal signs.,0.9949,PASS,es
GB029,Attribute,node3_attribute,GenAI-Bench,2.4444,"An alchemist's workshop, bubbling cauldrons, and 'Elixir of Life' are labeled on a shelf.","El taller de un alquimista, calderos burbujeantes y el ""Elixir de la Vida"" están etiquetados en una estantería.","An alchemist's workshop, bubbling cauldrons and the ""Elixir of Life"" are labelled on a shelf.",0.9968,PASS,es
GB030,Attribute,node3_attribute,GenAI-Bench,4.7778,A crystal-clear lake reflecting a mountainous landscape.,Un lago cristalino que refleja un paisaje montañoso.,A crystal clear lake reflecting a mountainous landscape.,0.9991,PASS,es
GB031,Attribute,node3_attribute,GenAI-Bench,3.3889,An octagonal window framing a spherical ornament.,Una ventana octogonal que enmarca un adorno esférico.,An octagonal window framing a spherical ornament.,1.0,PASS,es
GB032,Attribute,node3_attribute,GenAI-Bench,2.0,"A pair of socks, one is striped, but the other is not.","Un par de calcetines, uno es de rayas, pero el otro no.","A pair of socks, one is striped, but the other is not.",1.0,PASS,es
GB033,Attribute,node3_attribute,GenAI-Bench,3.0556,"There is one apple and two bananas on the table, and the bananas are not fresher than the apples.","En la mesa hay una manzana y dos plátanos, y los plátanos no son más frescos que las manzanas.","There is an apple and two bananas on the table, and the bananas are no fresher than the apples.",0.9991,PASS,es
GB034,Attribute,node3_attribute,GenAI-Bench,3.1667,a dog's paw hidden under a fluffy blanket.,una pata de perro escondida bajo una manta mullida.,a dog's paw hidden under a fluffy blanket.,1.0,PASS,es
GB035,Attribute,node3_attribute,GenAI-Bench,5.0,An old windmill overlooking a field of blooming flowers.,Un viejo molino de viento con vistas a un campo de flores.,An old windmill overlooking a field of flowers.,0.9906,PASS,es
GB036,Attribute,node3_attribute,GenAI-Bench,2.7222,"A laptop sticker that humorously states, 'This Machine Fights Zombies.'","Una pegatina para el portátil que dice con humor: ""Esta máquina lucha contra los zombis"".","A laptop sticker that humorously reads: ""This machine fights zombies"".",0.9819,PASS,es
GB037,Attribute,node3_attribute,GenAI-Bench,4.5556,A lone lighthouse standing guard on a rocky coastline.,Un faro solitario monta guardia en una costa rocosa.,A lone lighthouse stands guard on a rocky coast.,0.9919,PASS,es
GB038,Attribute,node3_attribute,GenAI-Bench,2.6667,"A playful kitten with a bell collar on the left, batting at a fluttering butterfly on the right.","Un gatito juguetón con un collar de campana a la izquierda, bateando a una mariposa revoloteando a la derecha.","A playful kitten with a bell collar on the left, batting at a fluttering butterfly on the right.",1.0,PASS,es
GB039,Attribute,node3_attribute,GenAI-Bench,4.7222,A serene stream winding through a lush meadow at sunrise.,Un sereno arroyo serpentea por una frondosa pradera al amanecer.,A serene stream meanders through a lush meadow at dawn.,0.9737,PASS,es
GB040,Attribute,node3_attribute,GenAI-Bench,2.7222,"Tea steams in a cup, next to a closed diary with a pen resting on its cover.","Té al vapor en una taza, junto a un diario cerrado con un bolígrafo apoyado en su tapa.","Steamed tea in a cup, next to a closed diary with a pen resting on its cover.",0.9898,PASS,es
GB041,Attribute,node3_attribute,GenAI-Bench,1.7222,"A mystical forest clearing, illuminated by 'Moonlit Path' glowing runes hovering above the ground, guiding wanderers at night.","Un místico claro del bosque, iluminado por las runas luminosas ""Moonlit Path"" que flotan sobre el suelo, guiando a los caminantes por la noche.","A mystical forest glade, illuminated by the luminous ""Moonlit Path"" runes that float above the ground, guiding walkers through the night.",0.9833,PASS,es
GB042,Attribute,node3_attribute,GenAI-Bench,4.8889,"A bustling shopping mall, alive with shoppers and bright store displays.","Un bullicioso centro comercial, lleno de compradores y brillantes escaparates.","A bustling shopping centre, full of shoppers and glittering window displays.",0.9692,PASS,es
GB043,Attribute,node3_attribute,GenAI-Bench,3.1667,A cat in jeans and a t-shirt lounging on a sunny window sill.,Un gato en vaqueros y camiseta descansando en el alféizar de una ventana soleada.,A cat in jeans and a T-shirt resting on a sunny windowsill.,0.9843,PASS,es
GB044,Attribute,node3_attribute,GenAI-Bench,2.4444,An antique door knocker with 'Fortune Favors the Bold' inscribed around it.,"Una aldaba antigua con la inscripción ""La fortuna favorece a los audaces"".","An antique knocker with the inscription ""Fortune favours the bold"".",0.9417,PASS,es
GB045,Attribute,node3_attribute,GenAI-Bench,4.5556,an SUV navigating through a rugged mountain trail.,un todoterreno circulando por un escarpado sendero de montaña.,an off-road vehicle driving along a steep mountain trail.,0.9542,PASS,es
GB046,Attribute,node3_attribute,GenAI-Bench,3.6111,the Eiffel Tower adorned with colorful flowers in spring.,la Torre Eiffel adornada con flores de colores en primavera.,the Eiffel Tower adorned with colourful flowers in spring.,0.9987,PASS,es
GB047,Attribute,node3_attribute,GenAI-Bench,4.4444,Three white seagulls flying over a blue lake.,Tres gaviotas blancas sobrevolando un lago azul.,Three white seagulls flying over a blue lake.,1.0,PASS,es
GB048,Attribute,node3_attribute,GenAI-Bench,2.1667,"There are several sleek laptops on a table, all of which are closed","Hay varios portátiles elegantes sobre una mesa, todos ellos cerrados","There are several elegant laptops on a table, all of them closed.",0.983,PASS,es
GB049,Attribute,node3_attribute,GenAI-Bench,2.1667,A cherry blossom tree gracefully dancing in a kimono during a spring festival under moonlight.,Un cerezo en flor baila elegantemente en kimono durante una fiesta de primavera a la luz de la luna.,A cherry blossom tree dances elegantly in a kimono during a moonlit spring festival.,0.9824,PASS,es
GB050,Attribute,node3_attribute,GenAI-Bench,2.3333,Five relaxed students but one overwhelmed teacher.,Cinco alumnos relajados pero un profesor abrumado.,Five relaxed students but one overwhelmed teacher.,1.0,PASS,es
DB001,Colors,node3_attribute,DrawBench,,A black colored banana.,موزة سوداء اللون,Black Banana,0.9273,PASS,ar
DB002,Colors,node3_attribute,DrawBench,,A blue bird and a brown bear.,طائر أزرق ودب بني اللون,Blue bird and brown bear,0.9755,PASS,ar
DB003,Colors,node3_attribute,DrawBench,,A red colored car.,سيارة حمراء اللون.,Red coloured car.,0.9902,PASS,ar
DB004,Colors,node3_attribute,DrawBench,,A blue cup and a green cell phone.,كوب أزرق وهاتف خلوي أخضر,Blue mug and green mobile phone,0.9397,PASS,ar
DB005,Colors,node3_attribute,DrawBench,,An orange colored sandwich.,شطيرة برتقالية اللون,Orange Sandwich,0.9399,PASS,ar
DB006,Colors,node3_attribute,DrawBench,,A white colored sandwich.,ساندويتش أبيض اللون,White Sandwich,0.9534,PASS,ar
DB007,Colors,node3_attribute,DrawBench,,A yellow colored giraffe.,زرافة صفراء اللون.,Yellow coloured giraffe.,0.9883,PASS,ar
DB008,Colors,node3_attribute,DrawBench,,A black colored car.,سيارة سوداء اللون أسود اللون.,Black coloured car.,0.9875,PASS,ar
DB009,Colors,node3_attribute,DrawBench,,A black apple and a green backpack.,تفاحة سوداء وحقيبة ظهر خضراء.,Black apple and green backpack.,0.9861,PASS,ar
DB010,Colors,node3_attribute,DrawBench,,A blue colored dog.,كلب أزرق اللون أزرق اللون,Blue coloured dog Blue,0.9772,PASS,ar
DB011,Colors,node3_attribute,DrawBench,,A pink colored car.,سيارة وردية اللون.,Pink car.,0.9732,PASS,ar
DB012,Colors,node3_attribute,DrawBench,,A pink colored giraffe.,زرافة وردية اللون,Pink Giraffe,0.9326,PASS,ar
DB013,Colors,node3_attribute,DrawBench,,A red car and a white sheep.,سيارة حمراء وخروف أبيض.,A red car and a white sheep.,1.0,PASS,ar
DB014,Counting,node1_object_presence,DrawBench,,One car on the street.,سيارة واحدة في الشارع,One car on the street,0.9974,PASS,ar
DB015,Counting,node1_object_presence,DrawBench,,One dog on the street.,كلب واحد في الشارع,One dog on the street,0.9971,PASS,ar
DB016,Counting,node1_object_presence,DrawBench,,One cat and two dogs sitting on the grass.,قطة واحدة وكلبان يجلسون على العشب.,One cat and two dogs sitting on the grass.,1.0,PASS,ar
DB017,Counting,node1_object_presence,DrawBench,,Two cars on the street.,سيارتان في الشارع,Two cars on the street,0.9972,PASS,ar
DB018,Counting,node1_object_presence,DrawBench,,Four dogs on the street.,أربعة كلاب في الشارع,Four dogs on the street,0.996,PASS,ar
DB019,Counting,node1_object_presence,DrawBench,,Three cats and one dog sitting on the grass.,ثلاث قطط وكلب واحد يجلسون على العشب.,Three cats and one dog sit on the grass.,0.998,PASS,ar
DB020,Counting,node1_object_presence,DrawBench,,Four cars on the street.,أربع سيارات في الشارع,Four cars on the street,0.9959,PASS,ar
DB021,Counting,node1_object_presence,DrawBench,,Two cats and one dog sitting on the grass.,قطتان وكلب واحد يجلسون على العشب.,Two cats and one dog sit on the grass.,0.998,PASS,ar
DB022,Counting,node1_object_presence,DrawBench,,Two cats and three dogs sitting on the grass.,قطتان وثلاثة كلاب يجلسون على العشب.,Two cats and three dogs sit on the grass.,0.9967,PASS,ar
DB023,Counting,node1_object_presence,DrawBench,,Three cats and two dogs sitting on the grass.,ثلاث قطط وكلبان يجلسون على العشب.,Three cats and two dogs sit on the grass.,0.997,PASS,ar
DB024,Counting,node1_object_presence,DrawBench,,Three cars on the street.,ثلاث سيارات في الشارع,Three cars on the street,0.9964,PASS,ar
DB025,Counting,node1_object_presence,DrawBench,,Five dogs on the street.,خمسة كلاب في الشارع,Five dogs on the street,0.9954,PASS,ar
DB026,Counting,node1_object_presence,DrawBench,,Three cats and three dogs sitting on the grass.,ثلاث قطط وثلاثة كلاب تجلس على العشب.,Three cats and three dogs sit on the grass.,0.9964,PASS,ar
DB027,Positional,node2_spatial,DrawBench,,A train on top of a surfboard.,قطار فوق لوح تزلج,Train on a skateboard,0.8993,PASS,ar
DB028,Positional,node2_spatial,DrawBench,,A stop sign on the right of a refrigerator.,علامة توقف على يمين الثلاجة.,Stop sign to the right of the fridge.,0.8978,PASS,ar
DB029,Positional,node2_spatial,DrawBench,,A pizza on the right of a suitcase.,بيتزا على يمين الحقيبة.,Pizza to the right of the bag.,0.8815,PASS,ar
DB030,Positional,node2_spatial,DrawBench,,A wine glass on top of a dog.,كأس نبيذ فوق كلب,Wine glass over a dog,0.9501,PASS,ar
DB031,Positional,node2_spatial,DrawBench,,A tennis racket underneath a traffic light.,مضرب تنس تحت إشارة مرور.,Tennis racket under a traffic light.,0.9832,PASS,ar
DB032,Positional,node2_spatial,DrawBench,,A giraffe underneath a microwave.,زرافة تحت الميكروويف.,Giraffe under the microwave.,0.9626,PASS,ar
DB033,Positional,node2_spatial,DrawBench,,A couch on the left of a chair.,أريكة على يسار الكرسي.,Sofa to the left of the chair.,0.9658,PASS,ar
DB034,Positional,node2_spatial,DrawBench,,An umbrella on top of a spoon.,مظلة فوق ملعقة.,An umbrella over a spoon.,0.9847,PASS,ar
DB035,Positional,node2_spatial,DrawBench,,A sheep to the right of a wine glass.,خروف على يمين كأس النبيذ.,Lamb to the right of the wine glass.,0.9549,PASS,ar
DB036,Positional,node2_spatial,DrawBench,,A cat on the right of a tennis racket.,قطة على يمين مضرب التنس.,A cat to the right of the tennis racket.,0.9678,PASS,ar
DB037,Positional,node2_spatial,DrawBench,,A cat on the left of a dog.,قطة على يسار كلب,Cat on the left of a dog,0.9956,PASS,ar
DB038,Positional,node2_spatial,DrawBench,,A bicycle on top of a boat.,دراجة هوائية فوق قارب,Bicycle on a boat,0.9666,PASS,ar
DB039,Text,node4_typography,DrawBench,,A storefront with 'Hello World' written on it.,"واجهة متجر مكتوب عليها ""مرحباً بالعالم"".","A shop window that reads ""Welcome to the World"".",0.9021,PASS,ar
DB040,Text,node4_typography,DrawBench,,New York Skyline with 'NeurIPS' written with fireworks on the sky.,"أفق نيويورك مع عبارة ""NeurIPS"" مكتوب عليها ""NeurIPS"" مع ألعاب نارية في السماء.","New York skyline with the words ""NeurIPS"" written on it with fireworks in the sky.",0.9724,PASS,ar
DB041,Text,node4_typography,DrawBench,,New York Skyline with 'Diffusion' written with fireworks on the sky.,"أفق نيويورك مع كلمة ""انتشار"" مكتوب عليها ألعاب نارية في السماء.","New York skyline with the word ""deployment"" written in fireworks in the sky.",0.9361,PASS,ar
DB042,Text,node4_typography,DrawBench,,A storefront with 'Diffusion' written on it.,"واجهة متجر مكتوب عليها ""Diffusion"".","A shop window labelled ""Diffusion"".",0.938,PASS,ar
DB043,Text,node4_typography,DrawBench,,A sign that says 'Diffusion'.,"لافتة مكتوب عليها ""انتشار"".","A sign that reads ""Diffusion"".",0.9955,PASS,ar
DB044,Text,node4_typography,DrawBench,,A storefront with 'Google Brain Toronto' written on it.,"واجهة متجر مكتوب عليها ""Google Brain Toronto"".","A storefront labelled ""Google Brain Toronto"".",0.9763,PASS,ar
DB045,Text,node4_typography,DrawBench,,A sign that says 'Deep Learning'.,"لافتة مكتوب عليها ""التعلم العميق"".","A sign that reads ""Deep Learning"".",0.9971,PASS,ar
DB046,Text,node4_typography,DrawBench,,A storefront with 'NeurIPS' written on it.,"واجهة متجر مكتوب عليها ""NeurIPS"".","A storefront labelled ""NeurIPS"".",0.9732,PASS,ar
DB047,Text,node4_typography,DrawBench,,New York Skyline with 'Deep Learning' written with fireworks on the sky.,"أفق نيويورك مع عبارة ""التعلم العميق"" مكتوب عليها ""التعلم العميق"" مع الألعاب النارية في السماء.","New York skyline with the words ""Deep Learning"" written on it with fireworks in the sky.",0.9661,PASS,ar
DB048,Text,node4_typography,DrawBench,,New York Skyline with 'Text to Image' written with fireworks on the sky.,"أفق نيويورك مع ""نص إلى صورة"" مكتوب عليه ""نص إلى صورة"" مع ألعاب نارية في السماء.","New York skyline with ""Text to Picture"" with fireworks in the sky.",0.9684,PASS,ar
DB049,Text,node4_typography,DrawBench,,A sign that says 'Google Research Pizza Cafe'.,"لافتة مكتوب عليها ""مقهى بيتزا أبحاث جوجل"".","A sign that reads ""Google Research Pizza Cafe"".",0.9942,PASS,ar
DB050,Text,node4_typography,DrawBench,,A storefront with 'Text to Image' written on it.,"واجهة متجر مكتوب عليها ""نص إلى صورة"".","A shop window that reads ""Text to Picture"".",0.9221,PASS,ar
GB001,Spatial Relation,node2_spatial,GenAI-Bench,4.8333,A peaceful pathway lined with blooming flowers leading to a hidden garden.,ممر هادئ تصطف على جانبيه أزهار متفتحة تؤدي إلى حديقة مخفية.,A quiet corridor lined with blooming flowers leads to a hidden garden.,0.942,PASS,ar
GB002,Spatial Relation,node2_spatial,GenAI-Bench,3.8333,"A girl has three flower decorations in her hair, all of them daisies.",فتاة لديها ثلاث زخارف من الزهور في شعرها، وكلها زهور الأقحوان.,"A girl has three flower decorations in her hair, all of which are chrysanthemums.",0.9639,PASS,ar
GB003,Spatial Relation,node2_spatial,GenAI-Bench,3.4444,A mermaid with pearl hairpins beneath the waves.,حورية بحر مع دبابيس شعر من اللؤلؤ تحت الأمواج.,A mermaid with pearl hairpins under the waves.,0.9972,PASS,ar
GB004,Spatial Relation,node2_spatial,GenAI-Bench,4.0556,A bear wearing a sweater and reading a book by the fireplace.,دب يرتدي سترة ويقرأ كتاباً بجوار المدفأة.,A bear wearing a jacket and reading a book by the fireplace.,0.9493,PASS,ar
GB005,Spatial Relation,node2_spatial,GenAI-Bench,3.4444,"In the pond, two ducks swim near each other: the larger one has a bright green head, while the smaller one is all brown.",في البركة، تسبح بطتان بالقرب من بعضهما البعض: البطة الأكبر لها رأس أخضر لامع بينما الأصغر لونها بني بالكامل.,"In the pond, two ducks are swimming close to each other: The larger duck has a bright green head while the smaller one is all brown.",0.9878,PASS,ar
GB006,Spatial Relation,node2_spatial,GenAI-Bench,2.5,"There are four roses in a clear glass vase, all of which are red, and all of which are not open.",توجد أربع ورود في مزهرية زجاجية شفافة، وكلها حمراء اللون وجميعها غير مفتوحة.,"There are four roses in a clear glass vase, all red in colour and all unopened.",0.9788,PASS,ar
GB007,Spatial Relation,node2_spatial,GenAI-Bench,3.7222,"In a basket, there are many cauliflowers, all green except for the one in the middle, which is yellow.",في سلة، يوجد العديد من القرنبيط في سلة، وكلها خضراء ما عدا التي في المنتصف فهي صفراء.,"There are many cauliflowers in a basket, all of them are green except for the one in the centre, which is yellow.",0.9909,PASS,ar
GB008,Spatial Relation,node2_spatial,GenAI-Bench,3.4444,The brown dog chases the black dog around the tree.,يطارد الكلب البني الكلب الأسود حول الشجرة.,The brown dog chases the black dog around the tree.,1.0,PASS,ar
GB009,Spatial Relation,node2_spatial,GenAI-Bench,4.2778,"a futuristic cityscape at dusk, with flying cars zooming between neon-lit skyscrapers.",مشهد مستقبلي للمدينة عند الغسق، مع سيارات طائرة تنطلق بين ناطحات السحاب المضاءة بالنيون.,"A futuristic view of the city at dusk, with flying cars darting between neon-lit skyscrapers.",0.9866,PASS,ar
GB010,Spatial Relation,node2_spatial,GenAI-Bench,3.9444,A ceramic bowl filled with water sits next to a steel door that leads to the garden.,يوجد وعاء خزفي مملوء بالماء بجوار باب فولاذي يؤدي إلى الحديقة.,There is a ceramic bowl filled with water next to a steel door that leads to the garden.,0.9782,PASS,ar
GB011,Spatial Relation,node2_spatial,GenAI-Bench,3.0,"There are four train toys on the floor, none of which are adjacent to each other.",توجد أربع ألعاب قطار على الأرض، لا توجد أي منها متجاورة مع بعضها البعض.,"There are four train rides on the floor, none of which are adjacent to each other.",0.9325,PASS,ar
GB012,Spatial Relation,node2_spatial,GenAI-Bench,3.2778,"A dog, a cat and a bird on a chair.",كلب وقطة وطائر على كرسي.,"A dog, a cat and a bird on a chair.",1.0,PASS,ar
GB013,Spatial Relation,node2_spatial,GenAI-Bench,4.2222,a bouquet of tulips sprouting from an open book.,باقة من زهور التوليب تنبت من كتاب مفتوح.,A bouquet of tulips sprouting from an open book.,0.9997,PASS,ar
GB014,Spatial Relation,node2_spatial,GenAI-Bench,3.0,"A row of houses with chimneys, but no smoke coming out.",صف من المنازل ذات المداخن، ولكن لا دخان يتصاعد منها.,"A row of houses with chimneys, but no smoke coming out of them.",0.9982,PASS,ar
GB015,Spatial Relation,node2_spatial,GenAI-Bench,2.3889,"A cheerful dog with a frisbee in its mouth on the right, chasing a rolling ball on the left.",كلب مبتهج يحمل طبق طائر في فمه على اليمين، ويطارد كرة متدحرجة على اليسار.,"A cheerful dog with a flying saucer in its mouth on the right, chasing a rolling ball on the left.",0.9589,PASS,ar
GB016,Spatial Relation,node2_spatial,GenAI-Bench,3.2222,A person in a brown raincoat laughing with another person clad in a sleek black trench coat under a shared umbrella.,شخص يرتدي معطف مطر بني اللون يضحك مع شخص آخر يرتدي معطفاً أسود أنيقاً تحت مظلة مشتركة.,A person in a brown raincoat laughs with another person in a sleek black coat under a shared umbrella.,0.9809,PASS,ar
GB017,Spatial Relation,node2_spatial,GenAI-Bench,3.5556,A painter on a ladder adds stars to a mural of the night sky on a city wall.,رسام على سلم يضيف النجوم إلى لوحة جدارية للسماء ليلاً على جدار المدينة.,A painter on a ladder adds stars to a mural of the night sky on a city wall.,1.0,PASS,ar
GB018,Spatial Relation,node2_spatial,GenAI-Bench,2.8889,A sphinx talking with travelers in front of the Pyramids at sunset.,أبو الهول يتحدث مع المسافرين أمام الأهرامات عند غروب الشمس.,The Sphinx talks to travellers in front of the pyramids at sunset.,0.9622,PASS,ar
GB019,Spatial Relation,node2_spatial,GenAI-Bench,2.3889,"Three small, non-blue boxes on a large blue box.",ثلاثة صناديق صغيرة غير زرقاء على صندوق أزرق كبير.,Three small non-blue boxes on a large blue box.,0.999,PASS,ar
GB020,Spatial Relation,node2_spatial,GenAI-Bench,2.8333,"A polished, copper kettle steams on the stove, catching the attention of a curious cat perched on a nearby chair.",غلاية نحاسية مصقولة تتصاعد منها البخار على الموقد، مما يلفت انتباه قطة فضولية تجلس على كرسي قريب.,"A polished copper kettle is steaming on the stove, drawing the attention of a curious cat sitting in a nearby chair.",0.981,PASS,ar
GB021,Spatial Relation,node2_spatial,GenAI-Bench,3.0556,Several umbrellas of varying colors leaned against stands in the hallway.,اتكأت عدة مظلات بألوان مختلفة على حوامل في الردهة.,Several umbrellas in different colours leaned on stands in the lobby.,0.9278,PASS,ar
GB022,Spatial Relation,node2_spatial,GenAI-Bench,2.8333,A hat is perched on the table and a coat is draped on the chair.,قبعة موضوعة على الطاولة ومعطف ملفوف على الكرسي.,A hat placed on the table and a coat draped over the chair.,0.9791,PASS,ar
GB023,Spatial Relation,node2_spatial,GenAI-Bench,2.3889,"Two children sitting on the bed, the one on the left making faces, the one on the right not making faces.",طفلان يجلسان على السرير، الطفل الذي على اليسار يصنع الوجوه، والطفل الذي على اليمين لا يصنع الوجوه.,"Two children sit on the bed, the child on the left makes faces, the child on the right does not make faces.",0.9851,PASS,ar
GB024,Spatial Relation,node2_spatial,GenAI-Bench,3.8333,"A leather-bound notebook lying on a linen tablecloth, accompanied by a brass pen.",دفتر مجلد بالجلد ملقى على مفرش من الكتان مع قلم نحاسي.,A leather-bound notebook lying on a linen tablecloth with a brass pen.,0.994,PASS,ar
GB025,Spatial Relation,node2_spatial,GenAI-Bench,2.4444,"A weeping willow as a poet, writing verses that sway with its branches by a serene lake.",صفصاف باكي كشاعر، يكتب أبياتًا تتمايل بأغصانها على ضفاف بحيرة هادئة.,"A weeping willow is like a poet, writing verses that sway its branches on the shores of a tranquil lake.",0.9507,PASS,ar
GB026,Attribute,node3_attribute,GenAI-Bench,3.8889,"Three people are sitting elegantly around a round table, each holding a cup of coffee.",ثلاثة أشخاص يجلسون بأناقة حول مائدة مستديرة وكل منهم يحمل فنجان قهوة.,"Three people sit elegantly around a round table, each holding a cup of coffee.",0.9975,PASS,ar
GB027,Attribute,node3_attribute,GenAI-Bench,2.3333,A nurse not administering a vaccine to a young child.,ممرضة لا تعطي لقاحاً لطفل صغير.,A nurse does not give a vaccine to a young child.,0.9443,PASS,ar
GB028,Attribute,node3_attribute,GenAI-Bench,1.1667,Eight wavy lines are under three polygonal signs.,توجد ثمانية خطوط متموجة تحت ثلاث علامات متعددة الأضلاع.,There are eight wavy lines under three polygonal marks.,0.979,PASS,ar
GB029,Attribute,node3_attribute,GenAI-Bench,2.4444,"An alchemist's workshop, bubbling cauldrons, and 'Elixir of Life' are labeled on a shelf.","ورشة عمل كيميائي ومراجل فقاقيع و""إكسير الحياة"" على أحد الرفوف.","An alchemist's workshop, bubbling cauldrons and an ""elixir of life"" on a shelf.",0.9742,PASS,ar
GB030,Attribute,node3_attribute,GenAI-Bench,4.7778,A crystal-clear lake reflecting a mountainous landscape.,بحيرة صافية تعكس مناظر طبيعية جبلية.,A clear lake reflecting a mountainous landscape.,0.9816,PASS,ar
GB031,Attribute,node3_attribute,GenAI-Bench,3.3889,An octagonal window framing a spherical ornament.,نافذة مثمنة تؤطر زخرفة كروية الشكل.,Octagonal window framing a spherical ornament.,0.9617,PASS,ar
GB032,Attribute,node3_attribute,GenAI-Bench,2.0,"A pair of socks, one is striped, but the other is not.",زوج من الجوارب، أحدهما مخطط والآخر غير مخطط.,"One pair of socks, one striped and one non-striped.",0.9837,PASS,ar
GB033,Attribute,node3_attribute,GenAI-Bench,3.0556,"There is one apple and two bananas on the table, and the bananas are not fresher than the apples.",توجد تفاحة واحدة وموزتان على المائدة، والموز ليس طازجاً أكثر من التفاح.,"There is one apple and two bananas on the table, and the bananas are no fresher than the apples.",0.9994,PASS,ar
GB034,Attribute,node3_attribute,GenAI-Bench,3.1667,a dog's paw hidden under a fluffy blanket.,مخلب كلب مخبأ تحت بطانية منفوشة.,A dog's paw hidden under a fluffy blanket.,0.9997,PASS,ar
GB035,Attribute,node3_attribute,GenAI-Bench,5.0,An old windmill overlooking a field of blooming flowers.,طاحونة قديمة تطل على حقل من الزهور المتفتحة.,An old mill overlooks a field of blooming flowers.,0.8897,PASS,ar
GB036,Attribute,node3_attribute,GenAI-Bench,2.7222,"A laptop sticker that humorously states, 'This Machine Fights Zombies.'","ملصق كمبيوتر محمول مكتوب عليه بطريقة فكاهية ""هذه الآلة تحارب الزومبي"".","A laptop sticker with the humorous inscription ""This machine fights zombies"".",0.9563,PASS,ar
GB037,Attribute,node3_attribute,GenAI-Bench,4.5556,A lone lighthouse standing guard on a rocky coastline.,منارة وحيدة تقف حارسة على ساحل صخري.,A lonely lighthouse stands guard on a rocky coastline.,0.9853,PASS,ar
GB038,Attribute,node3_attribute,GenAI-Bench,2.6667,"A playful kitten with a bell collar on the left, batting at a fluttering butterfly on the right.",قطة مرحة ذات طوق جرس على اليسار، تضرب فراشة ترفرف على اليمين.,A playful cat with a bell collar on the left hits a fluttering butterfly on the right.,0.9651,PASS,ar
GB039,Attribute,node3_attribute,GenAI-Bench,4.7222,A serene stream winding through a lush meadow at sunrise.,مجرى مائي هادئ يمر عبر مرج خصب عند شروق الشمس.,A tranquil stream runs through a lush meadow at sunrise.,0.9785,PASS,ar
GB040,Attribute,node3_attribute,GenAI-Bench,2.7222,"Tea steams in a cup, next to a closed diary with a pen resting on its cover.",يتبخّر الشاي في فنجان، وبجواره مفكرة مغلقة مع قلم يرتكز على غلافها.,"Tea steams in a cup, and next to it is a closed notebook with a pen resting on its cover.",0.9805,PASS,ar
GB041,Attribute,node3_attribute,GenAI-Bench,1.7222,"A mystical forest clearing, illuminated by 'Moonlit Path' glowing runes hovering above the ground, guiding wanderers at night.","مساحة غابة غامضة مضاءة بـ ""مسار القمر"" الذي يضيء بأحرف رونية متوهجة تحوم فوق الأرض لترشد المتجولين ليلاً.",A mysterious forest space illuminated by a 'moon path' lit by glowing runes that hover above the ground to guide nighttime wanderers.,0.9814,PASS,ar
GB042,Attribute,node3_attribute,GenAI-Bench,4.8889,"A bustling shopping mall, alive with shoppers and bright store displays.",مركز تسوق صاخب، يعج بالمتسوقين وعروض المتاجر الزاهية.,"A bustling shopping centre, bustling with shoppers and colourful store displays.",0.9692,PASS,ar
GB043,Attribute,node3_attribute,GenAI-Bench,3.1667,A cat in jeans and a t-shirt lounging on a sunny window sill.,قطة ترتدي بنطلون جينز وقميصاً وترتدي قميصاً مستلقية على عتبة نافذة مشمسة.,A cat wearing jeans and a t-shirt lying on a sunny window sill.,0.9793,PASS,ar
GB044,Attribute,node3_attribute,GenAI-Bench,2.4444,An antique door knocker with 'Fortune Favors the Bold' inscribed around it.,"مطرقة باب عتيقة منقوش عليها عبارة ""الحظ يحابي الشجعان"".","An antique door knocker engraved with the words ""Luck favours the brave"".",0.9388,PASS,ar
GB045,Attribute,node3_attribute,GenAI-Bench,4.5556,an SUV navigating through a rugged mountain trail.,سيارة دفع رباعي تتنقل عبر ممر جبلي وعر.,A four-wheel drive vehicle travelling through a rugged mountain pass.,0.9493,PASS,ar
GB046,Attribute,node3_attribute,GenAI-Bench,3.6111,the Eiffel Tower adorned with colorful flowers in spring.,برج إيفل المزين بالزهور الملونة في الربيع.,The Eiffel Tower decorated with colourful flowers in spring.,0.9876,PASS,ar
GB047,Attribute,node3_attribute,GenAI-Bench,4.4444,Three white seagulls flying over a blue lake.,ثلاثة طيور نورس بيضاء تحلق فوق بحيرة زرقاء.,Three white seagulls flying over a blue lake.,1.0,PASS,ar
GB048,Attribute,node3_attribute,GenAI-Bench,2.1667,"There are several sleek laptops on a table, all of which are closed",هناك العديد من أجهزة الكمبيوتر المحمولة الأنيقة على طاولة، وكلها مغلقة,"There are several sleek laptops on a table, all closed",0.9979,PASS,ar
GB049,Attribute,node3_attribute,GenAI-Bench,2.1667,A cherry blossom tree gracefully dancing in a kimono during a spring festival under moonlight.,شجرة أزهار الكرز ترقص برشاقة في ثوب كيمونو خلال مهرجان الربيع تحت ضوء القمر.,A cherry blossom tree dances gracefully in a kimono during the Spring Festival under the moonlight.,0.9918,PASS,ar
GB050,Attribute,node3_attribute,GenAI-Bench,2.3333,Five relaxed students but one overwhelmed teacher.,خمسة طلاب مرتاحون ومعلم واحد مرتبك.,Five relieved students and one confused teacher.,0.9647,PASS,ar
