brief_id,model,language,node1_pass,node1_score,node1_short_circuit,node2_pass,node2_score,node2_skipped,node3_pass,node3_score,node3_skipped,node4_pass,node4_score,node4_skipped,node4_skipped_reason,node4_clcg_interpretable,node5_pass,node5_score,compliance_score,failure_diagnosis
MB001,sd15,en,False,0.0,True,,0.0,True,,0.0,True,,0.0,True,short_circuit,False,,0.0,0.0,[MB001] NON-COMPLIANT — Node1: required objects absent (short-circuit triggered); Node2/Node3: skipped — object presence failed upstream
MB001,flux,en,True,1.0,False,False,0.0,False,False,0.5,False,False,0.0,False,,True,True,0.6187,0.4619,[MB001] NON-COMPLIANT — Node2: spatial constraints not satisfied; Node3: colour attributes not satisfied; Node4: required text not legibly rendered
MB002,sd15,en,False,0.5,True,,0.0,True,,0.0,True,,0.0,True,short_circuit,False,,0.0,0.15,[MB002] NON-COMPLIANT — Node1: required objects absent (short-circuit triggered); Node2/Node3: skipped — object presence failed upstream
MB002,flux,en,True,1.0,False,True,1.0,False,True,1.0,False,False,0.0,False,,True,True,0.6132,0.7613,[MB002] NON-COMPLIANT — Node4: required text not legibly rendered
MB003,sd15,en,False,0.5,True,,0.0,True,,0.0,True,,0.0,True,short_circuit,False,,0.0,0.15,[MB003] NON-COMPLIANT — Node1: required objects absent (short-circuit triggered); Node2/Node3: skipped — object presence failed upstream
MB003,flux,en,True,1.0,False,False,0.0,False,True,1.0,False,False,0.0,False,,True,True,0.6134,0.5613,[MB003] NON-COMPLIANT — Node2: spatial constraints not satisfied; Node4: required text not legibly rendered
MB004,sd15,en,False,0.0,True,,0.0,True,,0.0,True,,0.0,True,short_circuit,False,,0.0,0.0,[MB004] NON-COMPLIANT — Node1: required objects absent (short-circuit triggered); Node2/Node3: skipped — object presence failed upstream
MB004,flux,en,True,1.0,False,True,1.0,False,True,1.0,False,True,1.0,False,,True,True,0.6169,0.9617,[MB004] COMPLIANT — all constraints satisfied
MB005,sd15,en,True,1.0,False,True,1.0,False,True,1.0,False,,0.0,True,sd15_architectural,False,True,0.606,0.7606,[MB005] NON-COMPLIANT — Node4: SD v1.5 architectural limitation — text rendering unreliable (Phase 1C accuracy=0.1667); scored as 0.0 in compliance score; excluded from CLCG heatmap in Phase 2B
MB005,flux,en,True,1.0,False,True,1.0,False,True,1.0,False,False,0.0,False,,True,True,0.625,0.7625,[MB005] NON-COMPLIANT — Node4: required text not legibly rendered
MB006,sd15,en,False,0.5,True,,0.0,True,,0.0,True,,0.0,True,short_circuit,False,,0.0,0.15,[MB006] NON-COMPLIANT — Node1: required objects absent (short-circuit triggered); Node2/Node3: skipped — object presence failed upstream
MB006,flux,en,True,1.0,False,True,1.0,False,True,1.0,False,False,0.2857,False,,True,True,0.6172,0.8189,[MB006] NON-COMPLIANT — Node4: required text not legibly rendered
MB007,sd15,en,False,0.5,True,,0.0,True,,0.0,True,,0.0,True,short_circuit,False,,0.0,0.15,[MB007] NON-COMPLIANT — Node1: required objects absent (short-circuit triggered); Node2/Node3: skipped — object presence failed upstream
MB007,flux,en,True,1.0,False,True,1.0,False,True,1.0,False,True,0.8,False,,True,True,0.6212,0.9221,[MB007] COMPLIANT — all constraints satisfied
MB008,sd15,en,True,1.0,False,False,0.0,False,False,0.5,False,,0.0,True,sd15_architectural,False,True,0.5969,0.4597,[MB008] NON-COMPLIANT — Node2: spatial constraints not satisfied; Node3: colour attributes not satisfied; Node4: SD v1.5 architectural limitation — text rendering unreliable (Phase 1C accuracy=0.1667); scored as 0.0 in compliance score; excluded from CLCG heatmap in Phase 2B
MB008,flux,en,True,1.0,False,True,1.0,False,True,1.0,False,True,0.9091,False,,True,True,0.6012,0.9419,[MB008] COMPLIANT — all constraints satisfied
MB009,sd15,en,False,0.5,True,,0.0,True,,0.0,True,,0.0,True,short_circuit,False,,0.0,0.15,[MB009] NON-COMPLIANT — Node1: required objects absent (short-circuit triggered); Node2/Node3: skipped — object presence failed upstream
MB009,flux,en,True,1.0,False,False,0.0,False,True,1.0,False,False,0.0,False,,True,True,0.6144,0.5614,[MB009] NON-COMPLIANT — Node2: spatial constraints not satisfied; Node4: required text not legibly rendered
MB010,sd15,en,False,0.5,True,,0.0,True,,0.0,True,,0.0,True,short_circuit,False,,0.0,0.15,[MB010] NON-COMPLIANT — Node1: required objects absent (short-circuit triggered); Node2/Node3: skipped — object presence failed upstream
MB010,flux,en,False,0.5,True,,0.0,True,,0.0,True,,0.0,True,short_circuit,True,,0.0,0.15,[MB010] NON-COMPLIANT — Node1: required objects absent (short-circuit triggered); Node2/Node3: skipped — object presence failed upstream
MB011,sd15,en,True,1.0,False,True,1.0,False,True,1.0,False,,0.0,True,sd15_architectural,False,True,0.6152,0.7615,[MB011] NON-COMPLIANT — Node4: SD v1.5 architectural limitation — text rendering unreliable (Phase 1C accuracy=0.1667); scored as 0.0 in compliance score; excluded from CLCG heatmap in Phase 2B
MB011,flux,en,True,1.0,False,True,1.0,False,True,1.0,False,True,1.0,False,,True,True,0.6332,0.9633,[MB011] COMPLIANT — all constraints satisfied
MB012,sd15,en,True,1.0,False,False,0.0,False,True,1.0,False,,0.0,True,sd15_architectural,False,True,0.5997,0.56,[MB012] NON-COMPLIANT — Node2: spatial constraints not satisfied; Node4: SD v1.5 architectural limitation — text rendering unreliable (Phase 1C accuracy=0.1667); scored as 0.0 in compliance score; excluded from CLCG heatmap in Phase 2B
MB012,flux,en,True,1.0,False,True,1.0,False,True,1.0,False,True,1.0,False,,True,True,0.6209,0.9621,[MB012] COMPLIANT — all constraints satisfied
MB013,sd15,en,False,0.0,True,,0.0,True,,0.0,True,,0.0,True,short_circuit,False,,0.0,0.0,[MB013] NON-COMPLIANT — Node1: required objects absent (short-circuit triggered); Node2/Node3: skipped — object presence failed upstream
MB013,flux,en,True,1.0,False,True,1.0,False,True,1.0,False,True,0.9091,False,,True,True,0.6261,0.9444,[MB013] COMPLIANT — all constraints satisfied
MB014,sd15,en,False,0.5,True,,0.0,True,,0.0,True,,0.0,True,short_circuit,False,,0.0,0.15,[MB014] NON-COMPLIANT — Node1: required objects absent (short-circuit triggered); Node2/Node3: skipped — object presence failed upstream
MB014,flux,en,True,1.0,False,True,1.0,False,False,0.5,False,True,1.0,False,,True,True,0.6233,0.8623,[MB014] NON-COMPLIANT — Node3: colour attributes not satisfied
MB015,sd15,en,False,0.5,True,,0.0,True,,0.0,True,,0.0,True,short_circuit,False,,0.0,0.15,[MB015] NON-COMPLIANT — Node1: required objects absent (short-circuit triggered); Node2/Node3: skipped — object presence failed upstream
MB015,flux,en,True,1.0,False,True,1.0,False,True,1.0,False,False,0.4,False,,True,True,0.6213,0.8421,[MB015] NON-COMPLIANT — Node4: required text not legibly rendered
MB016,sd15,en,False,0.5,True,,0.0,True,,0.0,True,,0.0,True,short_circuit,False,,0.0,0.15,[MB016] NON-COMPLIANT — Node1: required objects absent (short-circuit triggered); Node2/Node3: skipped — object presence failed upstream
MB016,flux,en,False,0.5,True,,0.0,True,,0.0,True,,0.0,True,short_circuit,True,,0.0,0.15,[MB016] NON-COMPLIANT — Node1: required objects absent (short-circuit triggered); Node2/Node3: skipped — object presence failed upstream
MB017,sd15,en,False,0.5,True,,0.0,True,,0.0,True,,0.0,True,short_circuit,False,,0.0,0.15,[MB017] NON-COMPLIANT — Node1: required objects absent (short-circuit triggered); Node2/Node3: skipped — object presence failed upstream
MB017,flux,en,False,0.5,True,,0.0,True,,0.0,True,,0.0,True,short_circuit,True,,0.0,0.15,[MB017] NON-COMPLIANT — Node1: required objects absent (short-circuit triggered); Node2/Node3: skipped — object presence failed upstream
MB018,sd15,en,False,0.5,True,,0.0,True,,0.0,True,,0.0,True,short_circuit,False,,0.0,0.15,[MB018] NON-COMPLIANT — Node1: required objects absent (short-circuit triggered); Node2/Node3: skipped — object presence failed upstream
MB018,flux,en,True,1.0,False,True,1.0,False,True,1.0,False,True,1.0,False,,True,True,0.6131,0.9613,[MB018] COMPLIANT — all constraints satisfied
MB019,sd15,en,False,0.5,True,,0.0,True,,0.0,True,,0.0,True,short_circuit,False,,0.0,0.15,[MB019] NON-COMPLIANT — Node1: required objects absent (short-circuit triggered); Node2/Node3: skipped — object presence failed upstream
MB019,flux,en,True,1.0,False,False,0.0,False,True,1.0,False,False,0.2222,False,,True,True,0.6104,0.6055,[MB019] NON-COMPLIANT — Node2: spatial constraints not satisfied; Node4: required text not legibly rendered
MB020,sd15,en,True,1.0,False,True,1.0,False,True,1.0,False,,0.0,True,sd15_architectural,False,True,0.6068,0.7607,[MB020] NON-COMPLIANT — Node4: SD v1.5 architectural limitation — text rendering unreliable (Phase 1C accuracy=0.1667); scored as 0.0 in compliance score; excluded from CLCG heatmap in Phase 2B
MB020,flux,en,True,1.0,False,True,1.0,False,True,1.0,False,True,0.6667,False,,True,True,0.6185,0.8952,[MB020] COMPLIANT — all constraints satisfied
MB021,sd15,en,False,0.5,True,,0.0,True,,0.0,True,,0.0,True,short_circuit,False,,0.0,0.15,[MB021] NON-COMPLIANT — Node1: required objects absent (short-circuit triggered); Node2/Node3: skipped — object presence failed upstream
MB021,flux,en,True,1.0,False,True,1.0,False,True,1.0,False,True,0.6667,False,,True,True,0.6167,0.895,[MB021] COMPLIANT — all constraints satisfied
MB022,sd15,en,True,1.0,False,True,1.0,False,False,0.5,False,,0.0,True,sd15_architectural,False,True,0.5979,0.6598,[MB022] NON-COMPLIANT — Node3: colour attributes not satisfied; Node4: SD v1.5 architectural limitation — text rendering unreliable (Phase 1C accuracy=0.1667); scored as 0.0 in compliance score; excluded from CLCG heatmap in Phase 2B
MB022,flux,en,True,1.0,False,False,0.0,False,True,1.0,False,True,0.8,False,,True,True,0.6152,0.7215,[MB022] NON-COMPLIANT — Node2: spatial constraints not satisfied
MB023,sd15,en,False,0.5,True,,0.0,True,,0.0,True,,0.0,True,short_circuit,False,,0.0,0.15,[MB023] NON-COMPLIANT — Node1: required objects absent (short-circuit triggered); Node2/Node3: skipped — object presence failed upstream
MB023,flux,en,True,1.0,False,True,1.0,False,True,1.0,False,True,1.0,False,,True,True,0.6232,0.9623,[MB023] COMPLIANT — all constraints satisfied
MB024,sd15,en,False,0.5,True,,0.0,True,,0.0,True,,0.0,True,short_circuit,False,,0.0,0.15,[MB024] NON-COMPLIANT — Node1: required objects absent (short-circuit triggered); Node2/Node3: skipped — object presence failed upstream
MB024,flux,en,True,1.0,False,True,1.0,False,True,1.0,False,False,0.3333,False,,True,True,0.6241,0.8291,[MB024] NON-COMPLIANT — Node4: required text not legibly rendered
MB025,sd15,en,False,0.5,True,,0.0,True,,0.0,True,,0.0,True,short_circuit,False,,0.0,0.15,[MB025] NON-COMPLIANT — Node1: required objects absent (short-circuit triggered); Node2/Node3: skipped — object presence failed upstream
MB025,flux,en,False,0.5,True,,0.0,True,,0.0,True,,0.0,True,short_circuit,True,,0.0,0.15,[MB025] NON-COMPLIANT — Node1: required objects absent (short-circuit triggered); Node2/Node3: skipped — object presence failed upstream
MB026,sd15,en,True,1.0,False,True,1.0,False,False,0.5,False,,0.0,True,sd15_architectural,False,True,0.6062,0.6606,[MB026] NON-COMPLIANT — Node3: colour attributes not satisfied; Node4: SD v1.5 architectural limitation — text rendering unreliable (Phase 1C accuracy=0.1667); scored as 0.0 in compliance score; excluded from CLCG heatmap in Phase 2B
MB026,flux,en,True,1.0,False,True,1.0,False,True,1.0,False,True,1.0,False,,True,True,0.6244,0.9624,[MB026] COMPLIANT — all constraints satisfied
MB027,sd15,en,False,0.5,True,,0.0,True,,0.0,True,,0.0,True,short_circuit,False,,0.0,0.15,[MB027] NON-COMPLIANT — Node1: required objects absent (short-circuit triggered); Node2/Node3: skipped — object presence failed upstream
MB027,flux,en,True,1.0,False,False,0.0,False,True,1.0,False,False,0.2857,False,,True,True,0.6265,0.6198,[MB027] NON-COMPLIANT — Node2: spatial constraints not satisfied; Node4: required text not legibly rendered
MB028,sd15,en,False,0.5,True,,0.0,True,,0.0,True,,0.0,True,short_circuit,False,,0.0,0.15,[MB028] NON-COMPLIANT — Node1: required objects absent (short-circuit triggered); Node2/Node3: skipped — object presence failed upstream
MB028,flux,en,True,1.0,False,True,1.0,False,True,1.0,False,True,1.0,False,,True,True,0.6256,0.9626,[MB028] COMPLIANT — all constraints satisfied
MB029,sd15,en,False,0.0,True,,0.0,True,,0.0,True,,0.0,True,short_circuit,False,,0.0,0.0,[MB029] NON-COMPLIANT — Node1: required objects absent (short-circuit triggered); Node2/Node3: skipped — object presence failed upstream
MB029,flux,en,False,0.5,True,,0.0,True,,0.0,True,,0.0,True,short_circuit,True,,0.0,0.15,[MB029] NON-COMPLIANT — Node1: required objects absent (short-circuit triggered); Node2/Node3: skipped — object presence failed upstream
MB030,sd15,en,False,0.0,True,,0.0,True,,0.0,True,,0.0,True,short_circuit,False,,0.0,0.0,[MB030] NON-COMPLIANT — Node1: required objects absent (short-circuit triggered); Node2/Node3: skipped — object presence failed upstream
MB030,flux,en,True,1.0,False,False,0.0,False,True,1.0,False,False,0.0,False,,True,True,0.6173,0.5617,[MB030] NON-COMPLIANT — Node2: spatial constraints not satisfied; Node4: required text not legibly rendered
MB031,sd15,en,False,0.5,True,,0.0,True,,0.0,True,,0.0,True,short_circuit,False,,0.0,0.15,[MB031] NON-COMPLIANT — Node1: required objects absent (short-circuit triggered); Node2/Node3: skipped — object presence failed upstream
MB031,flux,en,True,1.0,False,True,1.0,False,True,1.0,False,False,0.25,False,,True,True,0.6189,0.8119,[MB031] NON-COMPLIANT — Node4: required text not legibly rendered
MB032,sd15,en,False,0.5,True,,0.0,True,,0.0,True,,0.0,True,short_circuit,False,,0.0,0.15,[MB032] NON-COMPLIANT — Node1: required objects absent (short-circuit triggered); Node2/Node3: skipped — object presence failed upstream
MB032,flux,en,True,1.0,False,True,1.0,False,True,1.0,False,True,1.0,False,,True,True,0.6188,0.9619,[MB032] COMPLIANT — all constraints satisfied
MB033,sd15,en,True,1.0,False,False,0.0,False,False,0.0,False,,0.0,True,sd15_architectural,False,True,0.5958,0.3596,[MB033] NON-COMPLIANT — Node2: spatial constraints not satisfied; Node3: colour attributes not satisfied; Node4: SD v1.5 architectural limitation — text rendering unreliable (Phase 1C accuracy=0.1667); scored as 0.0 in compliance score; excluded from CLCG heatmap in Phase 2B
MB033,flux,en,False,0.5,True,,0.0,True,,0.0,True,,0.0,True,short_circuit,True,,0.0,0.15,[MB033] NON-COMPLIANT — Node1: required objects absent (short-circuit triggered); Node2/Node3: skipped — object presence failed upstream
MB034,sd15,en,False,0.5,True,,0.0,True,,0.0,True,,0.0,True,short_circuit,False,,0.0,0.15,[MB034] NON-COMPLIANT — Node1: required objects absent (short-circuit triggered); Node2/Node3: skipped — object presence failed upstream
MB034,flux,en,True,1.0,False,True,1.0,False,False,0.5,False,True,1.0,False,,True,True,0.6191,0.8619,[MB034] NON-COMPLIANT — Node3: colour attributes not satisfied
MB035,sd15,en,True,1.0,False,True,1.0,False,True,1.0,False,,0.0,True,sd15_architectural,False,True,0.6105,0.7611,[MB035] NON-COMPLIANT — Node4: SD v1.5 architectural limitation — text rendering unreliable (Phase 1C accuracy=0.1667); scored as 0.0 in compliance score; excluded from CLCG heatmap in Phase 2B
MB035,flux,en,True,1.0,False,False,0.0,False,True,1.0,False,True,1.0,False,,True,True,0.6217,0.7622,[MB035] NON-COMPLIANT — Node2: spatial constraints not satisfied
MB036,sd15,en,True,1.0,False,False,0.0,False,True,1.0,False,,0.0,True,sd15_architectural,False,True,0.5997,0.56,[MB036] NON-COMPLIANT — Node2: spatial constraints not satisfied; Node4: SD v1.5 architectural limitation — text rendering unreliable (Phase 1C accuracy=0.1667); scored as 0.0 in compliance score; excluded from CLCG heatmap in Phase 2B
MB036,flux,en,False,0.5,True,,0.0,True,,0.0,True,,0.0,True,short_circuit,True,,0.0,0.15,[MB036] NON-COMPLIANT — Node1: required objects absent (short-circuit triggered); Node2/Node3: skipped — object presence failed upstream
MB037,sd15,en,False,0.5,True,,0.0,True,,0.0,True,,0.0,True,short_circuit,False,,0.0,0.15,[MB037] NON-COMPLIANT — Node1: required objects absent (short-circuit triggered); Node2/Node3: skipped — object presence failed upstream
MB037,flux,en,True,1.0,False,False,0.0,False,True,1.0,False,False,0.0,False,,True,True,0.6167,0.5617,[MB037] NON-COMPLIANT — Node2: spatial constraints not satisfied; Node4: required text not legibly rendered
MB038,sd15,en,True,1.0,False,True,1.0,False,True,1.0,False,,0.0,True,sd15_architectural,False,True,0.6032,0.7603,[MB038] NON-COMPLIANT — Node4: SD v1.5 architectural limitation — text rendering unreliable (Phase 1C accuracy=0.1667); scored as 0.0 in compliance score; excluded from CLCG heatmap in Phase 2B
MB038,flux,en,True,1.0,False,False,0.0,False,True,1.0,False,True,0.8889,False,,True,True,0.6206,0.7398,[MB038] NON-COMPLIANT — Node2: spatial constraints not satisfied
MB039,sd15,en,True,1.0,False,False,0.0,False,True,1.0,False,,0.0,True,sd15_architectural,False,True,0.6012,0.5601,[MB039] NON-COMPLIANT — Node2: spatial constraints not satisfied; Node4: SD v1.5 architectural limitation — text rendering unreliable (Phase 1C accuracy=0.1667); scored as 0.0 in compliance score; excluded from CLCG heatmap in Phase 2B
MB039,flux,en,True,1.0,False,False,0.0,False,False,0.5,False,False,0.0,False,,True,True,0.6164,0.4616,[MB039] NON-COMPLIANT — Node2: spatial constraints not satisfied; Node3: colour attributes not satisfied; Node4: required text not legibly rendered
MB040,sd15,en,False,0.0,True,,0.0,True,,0.0,True,,0.0,True,short_circuit,False,,0.0,0.0,[MB040] NON-COMPLIANT — Node1: required objects absent (short-circuit triggered); Node2/Node3: skipped — object presence failed upstream
MB040,flux,en,True,1.0,False,True,1.0,False,True,1.0,False,True,1.0,False,,True,True,0.6171,0.9617,[MB040] COMPLIANT — all constraints satisfied
MB041,sd15,en,False,0.0,True,,0.0,True,,0.0,True,,0.0,True,short_circuit,False,,0.0,0.0,[MB041] NON-COMPLIANT — Node1: required objects absent (short-circuit triggered); Node2/Node3: skipped — object presence failed upstream
MB041,flux,en,True,1.0,False,True,1.0,False,True,1.0,False,True,1.0,False,,True,True,0.6156,0.9616,[MB041] COMPLIANT — all constraints satisfied
MB042,sd15,en,False,0.5,True,,0.0,True,,0.0,True,,0.0,True,short_circuit,False,,0.0,0.15,[MB042] NON-COMPLIANT — Node1: required objects absent (short-circuit triggered); Node2/Node3: skipped — object presence failed upstream
MB042,flux,en,True,1.0,False,True,1.0,False,True,1.0,False,True,1.0,False,,True,True,0.6225,0.9622,[MB042] COMPLIANT — all constraints satisfied
MB043,sd15,en,True,1.0,False,True,1.0,False,True,1.0,False,,0.0,True,sd15_architectural,False,True,0.6085,0.7608,[MB043] NON-COMPLIANT — Node4: SD v1.5 architectural limitation — text rendering unreliable (Phase 1C accuracy=0.1667); scored as 0.0 in compliance score; excluded from CLCG heatmap in Phase 2B
MB043,flux,en,True,1.0,False,True,1.0,False,True,1.0,False,False,0.0,False,,True,True,0.6161,0.7616,[MB043] NON-COMPLIANT — Node4: required text not legibly rendered
MB044,sd15,en,False,0.5,True,,0.0,True,,0.0,True,,0.0,True,short_circuit,False,,0.0,0.15,[MB044] NON-COMPLIANT — Node1: required objects absent (short-circuit triggered); Node2/Node3: skipped — object presence failed upstream
MB044,flux,en,True,1.0,False,False,0.0,False,False,0.5,False,True,0.8,False,,True,True,0.613,0.6213,[MB044] NON-COMPLIANT — Node2: spatial constraints not satisfied; Node3: colour attributes not satisfied
MB045,sd15,en,False,0.5,True,,0.0,True,,0.0,True,,0.0,True,short_circuit,False,,0.0,0.15,[MB045] NON-COMPLIANT — Node1: required objects absent (short-circuit triggered); Node2/Node3: skipped — object presence failed upstream
MB045,flux,en,True,1.0,False,True,1.0,False,False,0.5,False,True,1.0,False,,True,True,0.6122,0.8612,[MB045] NON-COMPLIANT — Node3: colour attributes not satisfied
MB046,sd15,en,False,0.5,True,,0.0,True,,0.0,True,,0.0,True,short_circuit,False,,0.0,0.15,[MB046] NON-COMPLIANT — Node1: required objects absent (short-circuit triggered); Node2/Node3: skipped — object presence failed upstream
MB046,flux,en,True,1.0,False,False,0.0,False,True,1.0,False,False,0.0,False,,True,True,0.6091,0.5609,[MB046] NON-COMPLIANT — Node2: spatial constraints not satisfied; Node4: required text not legibly rendered
MB047,sd15,en,True,1.0,False,True,1.0,False,True,1.0,False,,0.0,True,sd15_architectural,False,True,0.6126,0.7613,[MB047] NON-COMPLIANT — Node4: SD v1.5 architectural limitation — text rendering unreliable (Phase 1C accuracy=0.1667); scored as 0.0 in compliance score; excluded from CLCG heatmap in Phase 2B
MB047,flux,en,True,1.0,False,False,0.0,False,True,1.0,False,False,0.0,False,,True,True,0.6174,0.5617,[MB047] NON-COMPLIANT — Node2: spatial constraints not satisfied; Node4: required text not legibly rendered
MB048,sd15,en,True,1.0,False,True,1.0,False,True,1.0,False,,0.0,True,sd15_architectural,False,True,0.5965,0.7596,[MB048] NON-COMPLIANT — Node4: SD v1.5 architectural limitation — text rendering unreliable (Phase 1C accuracy=0.1667); scored as 0.0 in compliance score; excluded from CLCG heatmap in Phase 2B
MB048,flux,en,False,0.5,True,,0.0,True,,0.0,True,,0.0,True,short_circuit,True,,0.0,0.15,[MB048] NON-COMPLIANT — Node1: required objects absent (short-circuit triggered); Node2/Node3: skipped — object presence failed upstream
MB049,sd15,en,True,1.0,False,True,1.0,False,True,1.0,False,,0.0,True,sd15_architectural,False,True,0.5992,0.7599,[MB049] NON-COMPLIANT — Node4: SD v1.5 architectural limitation — text rendering unreliable (Phase 1C accuracy=0.1667); scored as 0.0 in compliance score; excluded from CLCG heatmap in Phase 2B
MB049,flux,en,True,1.0,False,True,1.0,False,True,1.0,False,True,1.0,False,,True,True,0.6174,0.9617,[MB049] COMPLIANT — all constraints satisfied
MB050,sd15,en,True,1.0,False,False,0.0,False,False,0.5,False,,0.0,True,sd15_architectural,False,True,0.6055,0.4606,[MB050] NON-COMPLIANT — Node2: spatial constraints not satisfied; Node3: colour attributes not satisfied; Node4: SD v1.5 architectural limitation — text rendering unreliable (Phase 1C accuracy=0.1667); scored as 0.0 in compliance score; excluded from CLCG heatmap in Phase 2B
MB050,flux,en,True,1.0,False,False,0.0,False,True,1.0,False,True,0.5714,False,,True,True,0.6148,0.6758,[MB050] NON-COMPLIANT — Node2: spatial constraints not satisfied
MB051,sd15,en,False,0.0,True,,0.0,True,,0.0,True,,0.0,True,short_circuit,False,,0.0,0.0,[MB051] NON-COMPLIANT — Node1: required objects absent (short-circuit triggered); Node2/Node3: skipped — object presence failed upstream
MB051,flux,en,True,1.0,False,True,1.0,False,True,1.0,False,False,0.0,False,,True,True,0.6075,0.7607,[MB051] NON-COMPLIANT — Node4: required text not legibly rendered
MB052,sd15,en,False,0.5,True,,0.0,True,,0.0,True,,0.0,True,short_circuit,False,,0.0,0.15,[MB052] NON-COMPLIANT — Node1: required objects absent (short-circuit triggered); Node2/Node3: skipped — object presence failed upstream
MB052,flux,en,True,1.0,False,True,1.0,False,False,0.5,False,True,0.8,False,,True,True,0.6159,0.8216,[MB052] NON-COMPLIANT — Node3: colour attributes not satisfied
MB053,sd15,en,False,0.0,True,,0.0,True,,0.0,True,,0.0,True,short_circuit,False,,0.0,0.0,[MB053] NON-COMPLIANT — Node1: required objects absent (short-circuit triggered); Node2/Node3: skipped — object presence failed upstream
MB053,flux,en,False,0.5,True,,0.0,True,,0.0,True,,0.0,True,short_circuit,True,,0.0,0.15,[MB053] NON-COMPLIANT — Node1: required objects absent (short-circuit triggered); Node2/Node3: skipped — object presence failed upstream
MB054,sd15,en,True,1.0,False,True,1.0,False,True,1.0,False,,0.0,True,sd15_architectural,False,True,0.6098,0.761,[MB054] NON-COMPLIANT — Node4: SD v1.5 architectural limitation — text rendering unreliable (Phase 1C accuracy=0.1667); scored as 0.0 in compliance score; excluded from CLCG heatmap in Phase 2B
MB054,flux,en,True,1.0,False,True,1.0,False,True,1.0,False,False,0.0,False,,True,True,0.6138,0.7614,[MB054] NON-COMPLIANT — Node4: required text not legibly rendered
MB055,sd15,en,False,0.5,True,,0.0,True,,0.0,True,,0.0,True,short_circuit,False,,0.0,0.15,[MB055] NON-COMPLIANT — Node1: required objects absent (short-circuit triggered); Node2/Node3: skipped — object presence failed upstream
MB055,flux,en,True,1.0,False,False,0.0,False,False,0.5,False,False,0.0,False,,True,True,0.614,0.4614,[MB055] NON-COMPLIANT — Node2: spatial constraints not satisfied; Node3: colour attributes not satisfied; Node4: required text not legibly rendered
MB056,sd15,en,True,1.0,False,False,0.0,False,True,1.0,False,,0.0,True,sd15_architectural,False,True,0.5986,0.5599,[MB056] NON-COMPLIANT — Node2: spatial constraints not satisfied; Node4: SD v1.5 architectural limitation — text rendering unreliable (Phase 1C accuracy=0.1667); scored as 0.0 in compliance score; excluded from CLCG heatmap in Phase 2B
MB056,flux,en,True,1.0,False,True,1.0,False,True,1.0,False,False,0.0,False,,True,True,0.6044,0.7604,[MB056] NON-COMPLIANT — Node4: required text not legibly rendered
MB057,sd15,en,False,0.5,True,,0.0,True,,0.0,True,,0.0,True,short_circuit,False,,0.0,0.15,[MB057] NON-COMPLIANT — Node1: required objects absent (short-circuit triggered); Node2/Node3: skipped — object presence failed upstream
MB057,flux,en,True,1.0,False,False,0.0,False,True,1.0,False,True,1.0,False,,True,True,0.6105,0.7611,[MB057] NON-COMPLIANT — Node2: spatial constraints not satisfied
MB058,sd15,en,False,0.5,True,,0.0,True,,0.0,True,,0.0,True,short_circuit,False,,0.0,0.15,[MB058] NON-COMPLIANT — Node1: required objects absent (short-circuit triggered); Node2/Node3: skipped — object presence failed upstream
MB058,flux,en,False,0.5,True,,0.0,True,,0.0,True,,0.0,True,short_circuit,True,,0.0,0.15,[MB058] NON-COMPLIANT — Node1: required objects absent (short-circuit triggered); Node2/Node3: skipped — object presence failed upstream
MB059,sd15,en,True,1.0,False,True,1.0,False,False,0.5,False,,0.0,True,sd15_architectural,False,True,0.6118,0.6612,[MB059] NON-COMPLIANT — Node3: colour attributes not satisfied; Node4: SD v1.5 architectural limitation — text rendering unreliable (Phase 1C accuracy=0.1667); scored as 0.0 in compliance score; excluded from CLCG heatmap in Phase 2B
MB059,flux,en,True,1.0,False,True,1.0,False,True,1.0,False,False,0.1818,False,,True,True,0.6206,0.7984,[MB059] NON-COMPLIANT — Node4: required text not legibly rendered
MB060,sd15,en,True,1.0,False,True,1.0,False,True,1.0,False,,0.0,True,sd15_architectural,False,True,0.6132,0.7613,[MB060] NON-COMPLIANT — Node4: SD v1.5 architectural limitation — text rendering unreliable (Phase 1C accuracy=0.1667); scored as 0.0 in compliance score; excluded from CLCG heatmap in Phase 2B
MB060,flux,en,True,1.0,False,True,1.0,False,True,1.0,False,False,0.4,False,,True,True,0.6193,0.8419,[MB060] NON-COMPLIANT — Node4: required text not legibly rendered
MB061,sd15,en,False,0.5,True,,0.0,True,,0.0,True,,0.0,True,short_circuit,False,,0.0,0.15,[MB061] NON-COMPLIANT — Node1: required objects absent (short-circuit triggered); Node2/Node3: skipped — object presence failed upstream
MB061,flux,en,True,1.0,False,True,1.0,False,True,1.0,False,False,0.0,False,,True,True,0.6252,0.7625,[MB061] NON-COMPLIANT — Node4: required text not legibly rendered
MB062,sd15,en,False,0.5,True,,0.0,True,,0.0,True,,0.0,True,short_circuit,False,,0.0,0.15,[MB062] NON-COMPLIANT — Node1: required objects absent (short-circuit triggered); Node2/Node3: skipped — object presence failed upstream
MB062,flux,en,True,1.0,False,True,1.0,False,True,1.0,False,False,0.2222,False,,True,True,0.6209,0.8065,[MB062] NON-COMPLIANT — Node4: required text not legibly rendered
MB063,sd15,en,False,0.0,True,,0.0,True,,0.0,True,,0.0,True,short_circuit,False,,0.0,0.0,[MB063] NON-COMPLIANT — Node1: required objects absent (short-circuit triggered); Node2/Node3: skipped — object presence failed upstream
MB063,flux,en,True,1.0,False,True,1.0,False,True,1.0,False,True,1.0,False,,True,True,0.623,0.9623,[MB063] COMPLIANT — all constraints satisfied
MB064,sd15,en,False,0.5,True,,0.0,True,,0.0,True,,0.0,True,short_circuit,False,,0.0,0.15,[MB064] NON-COMPLIANT — Node1: required objects absent (short-circuit triggered); Node2/Node3: skipped — object presence failed upstream
MB064,flux,en,True,1.0,False,False,0.0,False,True,1.0,False,False,0.0,False,,True,True,0.6219,0.5622,[MB064] NON-COMPLIANT — Node2: spatial constraints not satisfied; Node4: required text not legibly rendered
MB065,sd15,en,True,1.0,False,False,0.0,False,True,1.0,False,,0.0,True,sd15_architectural,False,True,0.5999,0.56,[MB065] NON-COMPLIANT — Node2: spatial constraints not satisfied; Node4: SD v1.5 architectural limitation — text rendering unreliable (Phase 1C accuracy=0.1667); scored as 0.0 in compliance score; excluded from CLCG heatmap in Phase 2B
MB065,flux,en,True,1.0,False,True,1.0,False,True,1.0,False,False,0.3077,False,,True,True,0.616,0.8231,[MB065] NON-COMPLIANT — Node4: required text not legibly rendered
MB066,sd15,en,False,0.5,True,,0.0,True,,0.0,True,,0.0,True,short_circuit,False,,0.0,0.15,[MB066] NON-COMPLIANT — Node1: required objects absent (short-circuit triggered); Node2/Node3: skipped — object presence failed upstream
MB066,flux,en,True,1.0,False,True,1.0,False,True,1.0,False,True,0.5,False,,True,True,0.6162,0.8616,[MB066] COMPLIANT — all constraints satisfied
MB067,sd15,en,True,1.0,False,True,1.0,False,True,1.0,False,,0.0,True,sd15_architectural,False,True,0.6076,0.7608,[MB067] NON-COMPLIANT — Node4: SD v1.5 architectural limitation — text rendering unreliable (Phase 1C accuracy=0.1667); scored as 0.0 in compliance score; excluded from CLCG heatmap in Phase 2B
MB067,flux,en,True,1.0,False,True,1.0,False,True,1.0,False,True,0.8571,False,,True,True,0.6191,0.9333,[MB067] COMPLIANT — all constraints satisfied
MB068,sd15,en,False,0.5,True,,0.0,True,,0.0,True,,0.0,True,short_circuit,False,,0.0,0.15,[MB068] NON-COMPLIANT — Node1: required objects absent (short-circuit triggered); Node2/Node3: skipped — object presence failed upstream
MB068,flux,en,True,1.0,False,True,1.0,False,True,1.0,False,True,1.0,False,,True,True,0.6114,0.9611,[MB068] COMPLIANT — all constraints satisfied
MB069,sd15,en,False,0.5,True,,0.0,True,,0.0,True,,0.0,True,short_circuit,False,,0.0,0.15,[MB069] NON-COMPLIANT — Node1: required objects absent (short-circuit triggered); Node2/Node3: skipped — object presence failed upstream
MB069,flux,en,False,0.5,True,,0.0,True,,0.0,True,,0.0,True,short_circuit,True,,0.0,0.15,[MB069] NON-COMPLIANT — Node1: required objects absent (short-circuit triggered); Node2/Node3: skipped — object presence failed upstream
MB070,sd15,en,False,0.5,True,,0.0,True,,0.0,True,,0.0,True,short_circuit,False,,0.0,0.15,[MB070] NON-COMPLIANT — Node1: required objects absent (short-circuit triggered); Node2/Node3: skipped — object presence failed upstream
MB070,flux,en,True,1.0,False,False,0.0,False,True,1.0,False,True,1.0,False,,True,True,0.627,0.7627,[MB070] NON-COMPLIANT — Node2: spatial constraints not satisfied
MB071,sd15,en,False,0.5,True,,0.0,True,,0.0,True,,0.0,True,short_circuit,False,,0.0,0.15,[MB071] NON-COMPLIANT — Node1: required objects absent (short-circuit triggered); Node2/Node3: skipped — object presence failed upstream
MB071,flux,en,True,1.0,False,True,1.0,False,True,1.0,False,True,1.0,False,,True,True,0.6171,0.9617,[MB071] COMPLIANT — all constraints satisfied
MB072,sd15,en,False,0.5,True,,0.0,True,,0.0,True,,0.0,True,short_circuit,False,,0.0,0.15,[MB072] NON-COMPLIANT — Node1: required objects absent (short-circuit triggered); Node2/Node3: skipped — object presence failed upstream
MB072,flux,en,True,1.0,False,True,1.0,False,True,1.0,False,False,0.0,False,,True,True,0.6111,0.7611,[MB072] NON-COMPLIANT — Node4: required text not legibly rendered
MB073,sd15,en,False,0.5,True,,0.0,True,,0.0,True,,0.0,True,short_circuit,False,,0.0,0.15,[MB073] NON-COMPLIANT — Node1: required objects absent (short-circuit triggered); Node2/Node3: skipped — object presence failed upstream
MB073,flux,en,True,1.0,False,False,0.0,False,True,1.0,False,False,0.4,False,,True,True,0.6213,0.6421,[MB073] NON-COMPLIANT — Node2: spatial constraints not satisfied; Node4: required text not legibly rendered
MB074,sd15,en,False,0.5,True,,0.0,True,,0.0,True,,0.0,True,short_circuit,False,,0.0,0.15,[MB074] NON-COMPLIANT — Node1: required objects absent (short-circuit triggered); Node2/Node3: skipped — object presence failed upstream
MB074,flux,en,True,1.0,False,True,1.0,False,True,1.0,False,True,1.0,False,,True,True,0.6098,0.961,[MB074] COMPLIANT — all constraints satisfied
MB075,sd15,en,False,0.0,True,,0.0,True,,0.0,True,,0.0,True,short_circuit,False,,0.0,0.0,[MB075] NON-COMPLIANT — Node1: required objects absent (short-circuit triggered); Node2/Node3: skipped — object presence failed upstream
MB075,flux,en,True,1.0,False,True,1.0,False,True,1.0,False,True,0.8571,False,,True,True,0.6158,0.933,[MB075] COMPLIANT — all constraints satisfied
MB076,sd15,en,False,0.5,True,,0.0,True,,0.0,True,,0.0,True,short_circuit,False,,0.0,0.15,[MB076] NON-COMPLIANT — Node1: required objects absent (short-circuit triggered); Node2/Node3: skipped — object presence failed upstream
MB076,flux,en,True,1.0,False,True,1.0,False,True,1.0,False,False,0.3333,False,,True,True,0.6158,0.8282,[MB076] NON-COMPLIANT — Node4: required text not legibly rendered
MB077,sd15,en,True,1.0,False,True,1.0,False,True,1.0,False,,0.0,True,sd15_architectural,False,True,0.6122,0.7612,[MB077] NON-COMPLIANT — Node4: SD v1.5 architectural limitation — text rendering unreliable (Phase 1C accuracy=0.1667); scored as 0.0 in compliance score; excluded from CLCG heatmap in Phase 2B
MB077,flux,en,True,1.0,False,False,0.0,False,True,1.0,False,False,0.2857,False,,True,True,0.6172,0.6189,[MB077] NON-COMPLIANT — Node2: spatial constraints not satisfied; Node4: required text not legibly rendered
MB078,sd15,en,False,0.5,True,,0.0,True,,0.0,True,,0.0,True,short_circuit,False,,0.0,0.15,[MB078] NON-COMPLIANT — Node1: required objects absent (short-circuit triggered); Node2/Node3: skipped — object presence failed upstream
MB078,flux,en,True,1.0,False,True,1.0,False,True,1.0,False,False,0.0,False,,True,True,0.6198,0.762,[MB078] NON-COMPLIANT — Node4: required text not legibly rendered
MB079,sd15,en,False,0.5,True,,0.0,True,,0.0,True,,0.0,True,short_circuit,False,,0.0,0.15,[MB079] NON-COMPLIANT — Node1: required objects absent (short-circuit triggered); Node2/Node3: skipped — object presence failed upstream
MB079,flux,en,True,1.0,False,False,0.0,False,True,1.0,False,False,0.0,False,,True,True,0.6145,0.5615,[MB079] NON-COMPLIANT — Node2: spatial constraints not satisfied; Node4: required text not legibly rendered
MB080,sd15,en,False,0.5,True,,0.0,True,,0.0,True,,0.0,True,short_circuit,False,,0.0,0.15,[MB080] NON-COMPLIANT — Node1: required objects absent (short-circuit triggered); Node2/Node3: skipped — object presence failed upstream
MB080,flux,en,True,1.0,False,True,1.0,False,True,1.0,False,False,0.4444,False,,True,True,0.621,0.851,[MB080] NON-COMPLIANT — Node4: required text not legibly rendered
MB081,sd15,en,False,0.5,True,,0.0,True,,0.0,True,,0.0,True,short_circuit,False,,0.0,0.15,[MB081] NON-COMPLIANT — Node1: required objects absent (short-circuit triggered); Node2/Node3: skipped — object presence failed upstream
MB081,flux,en,True,1.0,False,True,1.0,False,False,0.5,False,True,0.5714,False,,True,True,0.6115,0.7754,[MB081] NON-COMPLIANT — Node3: colour attributes not satisfied
MB082,sd15,en,False,0.5,True,,0.0,True,,0.0,True,,0.0,True,short_circuit,False,,0.0,0.15,[MB082] NON-COMPLIANT — Node1: required objects absent (short-circuit triggered); Node2/Node3: skipped — object presence failed upstream
MB082,flux,en,True,1.0,False,True,1.0,False,True,1.0,False,False,0.25,False,,True,True,0.6227,0.8123,[MB082] NON-COMPLIANT — Node4: required text not legibly rendered
MB083,sd15,en,False,0.0,True,,0.0,True,,0.0,True,,0.0,True,short_circuit,False,,0.0,0.0,[MB083] NON-COMPLIANT — Node1: required objects absent (short-circuit triggered); Node2/Node3: skipped — object presence failed upstream
MB083,flux,en,True,1.0,False,False,0.0,False,True,1.0,False,False,0.1429,False,,True,True,0.6072,0.5893,[MB083] NON-COMPLIANT — Node2: spatial constraints not satisfied; Node4: required text not legibly rendered
MB084,sd15,en,True,1.0,False,True,1.0,False,False,0.5,False,,0.0,True,sd15_architectural,False,True,0.6094,0.6609,[MB084] NON-COMPLIANT — Node3: colour attributes not satisfied; Node4: SD v1.5 architectural limitation — text rendering unreliable (Phase 1C accuracy=0.1667); scored as 0.0 in compliance score; excluded from CLCG heatmap in Phase 2B
MB084,flux,en,True,1.0,False,True,1.0,False,False,0.5,False,False,0.0,False,,True,True,0.6195,0.662,[MB084] NON-COMPLIANT — Node3: colour attributes not satisfied; Node4: required text not legibly rendered
MB085,sd15,en,False,0.5,True,,0.0,True,,0.0,True,,0.0,True,short_circuit,False,,0.0,0.15,[MB085] NON-COMPLIANT — Node1: required objects absent (short-circuit triggered); Node2/Node3: skipped — object presence failed upstream
MB085,flux,en,True,1.0,False,True,1.0,False,True,1.0,False,False,0.08,False,,True,True,0.6108,0.7771,[MB085] NON-COMPLIANT — Node4: required text not legibly rendered
MB086,sd15,en,False,0.5,True,,0.0,True,,0.0,True,,0.0,True,short_circuit,False,,0.0,0.15,[MB086] NON-COMPLIANT — Node1: required objects absent (short-circuit triggered); Node2/Node3: skipped — object presence failed upstream
MB086,flux,en,True,1.0,False,True,1.0,False,True,1.0,False,False,0.0,False,,True,True,0.6143,0.7614,[MB086] NON-COMPLIANT — Node4: required text not legibly rendered
MB087,sd15,en,True,1.0,False,True,1.0,False,True,1.0,False,,0.0,True,sd15_architectural,False,True,0.6037,0.7604,[MB087] NON-COMPLIANT — Node4: SD v1.5 architectural limitation — text rendering unreliable (Phase 1C accuracy=0.1667); scored as 0.0 in compliance score; excluded from CLCG heatmap in Phase 2B
MB087,flux,en,True,1.0,False,True,1.0,False,True,1.0,False,False,0.0,False,,True,True,0.6249,0.7625,[MB087] NON-COMPLIANT — Node4: required text not legibly rendered
MB088,sd15,en,True,1.0,False,True,1.0,False,False,0.5,False,,0.0,True,sd15_architectural,False,True,0.5991,0.6599,[MB088] NON-COMPLIANT — Node3: colour attributes not satisfied; Node4: SD v1.5 architectural limitation — text rendering unreliable (Phase 1C accuracy=0.1667); scored as 0.0 in compliance score; excluded from CLCG heatmap in Phase 2B
MB088,flux,en,True,1.0,False,True,1.0,False,True,1.0,False,True,1.0,False,,True,True,0.6192,0.9619,[MB088] COMPLIANT — all constraints satisfied
MB089,sd15,en,False,0.5,True,,0.0,True,,0.0,True,,0.0,True,short_circuit,False,,0.0,0.15,[MB089] NON-COMPLIANT — Node1: required objects absent (short-circuit triggered); Node2/Node3: skipped — object presence failed upstream
MB089,flux,en,True,1.0,False,False,0.0,False,True,1.0,False,True,1.0,False,,True,True,0.6255,0.7625,[MB089] NON-COMPLIANT — Node2: spatial constraints not satisfied
MB090,sd15,en,True,1.0,False,True,1.0,False,False,0.5,False,,0.0,True,sd15_architectural,False,True,0.6039,0.6604,[MB090] NON-COMPLIANT — Node3: colour attributes not satisfied; Node4: SD v1.5 architectural limitation — text rendering unreliable (Phase 1C accuracy=0.1667); scored as 0.0 in compliance score; excluded from CLCG heatmap in Phase 2B
MB090,flux,en,True,1.0,False,True,1.0,False,False,0.5,False,False,0.0,False,,True,True,0.609,0.6609,[MB090] NON-COMPLIANT — Node3: colour attributes not satisfied; Node4: required text not legibly rendered
MB091,sd15,en,False,0.5,True,,0.0,True,,0.0,True,,0.0,True,short_circuit,False,,0.0,0.15,[MB091] NON-COMPLIANT — Node1: required objects absent (short-circuit triggered); Node2/Node3: skipped — object presence failed upstream
MB091,flux,en,True,1.0,False,True,1.0,False,True,1.0,False,False,0.25,False,,True,True,0.6142,0.8114,[MB091] NON-COMPLIANT — Node4: required text not legibly rendered
MB092,sd15,en,True,1.0,False,True,1.0,False,True,1.0,False,,0.0,True,sd15_architectural,False,True,0.6048,0.7605,[MB092] NON-COMPLIANT — Node4: SD v1.5 architectural limitation — text rendering unreliable (Phase 1C accuracy=0.1667); scored as 0.0 in compliance score; excluded from CLCG heatmap in Phase 2B
MB092,flux,en,True,1.0,False,False,0.0,False,True,1.0,False,True,1.0,False,,True,True,0.6295,0.7629,[MB092] NON-COMPLIANT — Node2: spatial constraints not satisfied
MB093,sd15,en,True,1.0,False,True,1.0,False,True,1.0,False,,0.0,True,sd15_architectural,False,True,0.6062,0.7606,[MB093] NON-COMPLIANT — Node4: SD v1.5 architectural limitation — text rendering unreliable (Phase 1C accuracy=0.1667); scored as 0.0 in compliance score; excluded from CLCG heatmap in Phase 2B
MB093,flux,en,True,1.0,False,True,1.0,False,False,0.5,False,True,0.5455,False,,True,True,0.6156,0.7707,[MB093] NON-COMPLIANT — Node3: colour attributes not satisfied
MB094,sd15,en,False,0.0,True,,0.0,True,,0.0,True,,0.0,True,short_circuit,False,,0.0,0.0,[MB094] NON-COMPLIANT — Node1: required objects absent (short-circuit triggered); Node2/Node3: skipped — object presence failed upstream
MB094,flux,en,True,1.0,False,True,1.0,False,True,1.0,False,False,0.0,False,,True,True,0.6164,0.7616,[MB094] NON-COMPLIANT — Node4: required text not legibly rendered
MB095,sd15,en,False,0.5,True,,0.0,True,,0.0,True,,0.0,True,short_circuit,False,,0.0,0.15,[MB095] NON-COMPLIANT — Node1: required objects absent (short-circuit triggered); Node2/Node3: skipped — object presence failed upstream
MB095,flux,en,True,1.0,False,True,1.0,False,True,1.0,False,False,0.0,False,,True,True,0.6144,0.7614,[MB095] NON-COMPLIANT — Node4: required text not legibly rendered
MB096,sd15,en,False,0.0,True,,0.0,True,,0.0,True,,0.0,True,short_circuit,False,,0.0,0.0,[MB096] NON-COMPLIANT — Node1: required objects absent (short-circuit triggered); Node2/Node3: skipped — object presence failed upstream
MB096,flux,en,True,1.0,False,True,1.0,False,True,1.0,False,False,0.4,False,,True,True,0.6104,0.841,[MB096] NON-COMPLIANT — Node4: required text not legibly rendered
MB097,sd15,en,False,0.5,True,,0.0,True,,0.0,True,,0.0,True,short_circuit,False,,0.0,0.15,[MB097] NON-COMPLIANT — Node1: required objects absent (short-circuit triggered); Node2/Node3: skipped — object presence failed upstream
MB097,flux,en,True,1.0,False,True,1.0,False,True,1.0,False,False,0.0,False,,True,True,0.6245,0.7624,[MB097] NON-COMPLIANT — Node4: required text not legibly rendered
MB098,sd15,en,True,1.0,False,True,1.0,False,False,0.5,False,,0.0,True,sd15_architectural,False,True,0.6061,0.6606,[MB098] NON-COMPLIANT — Node3: colour attributes not satisfied; Node4: SD v1.5 architectural limitation — text rendering unreliable (Phase 1C accuracy=0.1667); scored as 0.0 in compliance score; excluded from CLCG heatmap in Phase 2B
MB098,flux,en,True,1.0,False,True,1.0,False,True,1.0,False,True,0.6667,False,,True,True,0.6216,0.8955,[MB098] COMPLIANT — all constraints satisfied
MB099,sd15,en,False,0.5,True,,0.0,True,,0.0,True,,0.0,True,short_circuit,False,,0.0,0.15,[MB099] NON-COMPLIANT — Node1: required objects absent (short-circuit triggered); Node2/Node3: skipped — object presence failed upstream
MB099,flux,en,True,1.0,False,True,1.0,False,True,1.0,False,False,0.0,False,,True,True,0.6146,0.7615,[MB099] NON-COMPLIANT — Node4: required text not legibly rendered
MB100,sd15,en,False,0.0,True,,0.0,True,,0.0,True,,0.0,True,short_circuit,False,,0.0,0.0,[MB100] NON-COMPLIANT — Node1: required objects absent (short-circuit triggered); Node2/Node3: skipped — object presence failed upstream
MB100,flux,en,False,0.5,True,,0.0,True,,0.0,True,,0.0,True,short_circuit,True,,0.0,0.15,[MB100] NON-COMPLIANT — Node1: required objects absent (short-circuit triggered); Node2/Node3: skipped — object presence failed upstream
MB101,sd15,en,False,0.0,True,,0.0,True,,0.0,True,,0.0,True,short_circuit,False,,0.0,0.0,[MB101] NON-COMPLIANT — Node1: required objects absent (short-circuit triggered); Node2/Node3: skipped — object presence failed upstream
MB101,flux,en,False,0.5,True,,0.0,True,,0.0,True,,0.0,True,short_circuit,True,,0.0,0.15,[MB101] NON-COMPLIANT — Node1: required objects absent (short-circuit triggered); Node2/Node3: skipped — object presence failed upstream
MB102,sd15,en,False,0.5,True,,0.0,True,,0.0,True,,0.0,True,short_circuit,False,,0.0,0.15,[MB102] NON-COMPLIANT — Node1: required objects absent (short-circuit triggered); Node2/Node3: skipped — object presence failed upstream
MB102,flux,en,True,1.0,False,True,1.0,False,True,1.0,False,False,0.0,False,,True,True,0.6129,0.7613,[MB102] NON-COMPLIANT — Node4: required text not legibly rendered
MB103,sd15,en,False,0.0,True,,0.0,True,,0.0,True,,0.0,True,short_circuit,False,,0.0,0.0,[MB103] NON-COMPLIANT — Node1: required objects absent (short-circuit triggered); Node2/Node3: skipped — object presence failed upstream
MB103,flux,en,False,0.5,True,,0.0,True,,0.0,True,,0.0,True,short_circuit,True,,0.0,0.15,[MB103] NON-COMPLIANT — Node1: required objects absent (short-circuit triggered); Node2/Node3: skipped — object presence failed upstream
MB104,sd15,en,False,0.0,True,,0.0,True,,0.0,True,,0.0,True,short_circuit,False,,0.0,0.0,[MB104] NON-COMPLIANT — Node1: required objects absent (short-circuit triggered); Node2/Node3: skipped — object presence failed upstream
MB104,flux,en,False,0.5,True,,0.0,True,,0.0,True,,0.0,True,short_circuit,True,,0.0,0.15,[MB104] NON-COMPLIANT — Node1: required objects absent (short-circuit triggered); Node2/Node3: skipped — object presence failed upstream
MB105,sd15,en,False,0.5,True,,0.0,True,,0.0,True,,0.0,True,short_circuit,False,,0.0,0.15,[MB105] NON-COMPLIANT — Node1: required objects absent (short-circuit triggered); Node2/Node3: skipped — object presence failed upstream
MB105,flux,en,True,1.0,False,True,1.0,False,True,1.0,False,False,0.0,False,,True,True,0.6215,0.7621,[MB105] NON-COMPLIANT — Node4: required text not legibly rendered
MB106,sd15,en,False,0.0,True,,0.0,True,,0.0,True,,0.0,True,short_circuit,False,,0.0,0.0,[MB106] NON-COMPLIANT — Node1: required objects absent (short-circuit triggered); Node2/Node3: skipped — object presence failed upstream
MB106,flux,en,True,1.0,False,True,1.0,False,True,1.0,False,False,0.0,False,,True,True,0.6313,0.7631,[MB106] NON-COMPLIANT — Node4: required text not legibly rendered
MB107,sd15,en,False,0.5,True,,0.0,True,,0.0,True,,0.0,True,short_circuit,False,,0.0,0.15,[MB107] NON-COMPLIANT — Node1: required objects absent (short-circuit triggered); Node2/Node3: skipped — object presence failed upstream
MB107,flux,en,True,1.0,False,False,0.0,False,True,1.0,False,False,0.0,False,,True,True,0.6167,0.5617,[MB107] NON-COMPLIANT — Node2: spatial constraints not satisfied; Node4: required text not legibly rendered
MB108,sd15,en,False,0.5,True,,0.0,True,,0.0,True,,0.0,True,short_circuit,False,,0.0,0.15,[MB108] NON-COMPLIANT — Node1: required objects absent (short-circuit triggered); Node2/Node3: skipped — object presence failed upstream
MB108,flux,en,True,1.0,False,True,1.0,False,True,1.0,False,False,0.0,False,,True,True,0.6203,0.762,[MB108] NON-COMPLIANT — Node4: required text not legibly rendered
MB109,sd15,en,False,0.5,True,,0.0,True,,0.0,True,,0.0,True,short_circuit,False,,0.0,0.15,[MB109] NON-COMPLIANT — Node1: required objects absent (short-circuit triggered); Node2/Node3: skipped — object presence failed upstream
MB109,flux,en,True,1.0,False,False,0.0,False,True,1.0,False,False,0.0,False,,True,True,0.6198,0.562,[MB109] NON-COMPLIANT — Node2: spatial constraints not satisfied; Node4: required text not legibly rendered
MB110,sd15,en,False,0.5,True,,0.0,True,,0.0,True,,0.0,True,short_circuit,False,,0.0,0.15,[MB110] NON-COMPLIANT — Node1: required objects absent (short-circuit triggered); Node2/Node3: skipped — object presence failed upstream
MB110,flux,en,True,1.0,False,True,1.0,False,False,0.5,False,False,0.3636,False,,True,True,0.6133,0.734,[MB110] NON-COMPLIANT — Node3: colour attributes not satisfied; Node4: required text not legibly rendered
MB111,sd15,en,True,1.0,False,True,1.0,False,False,0.5,False,,0.0,True,sd15_architectural,False,True,0.6067,0.6607,[MB111] NON-COMPLIANT — Node3: colour attributes not satisfied; Node4: SD v1.5 architectural limitation — text rendering unreliable (Phase 1C accuracy=0.1667); scored as 0.0 in compliance score; excluded from CLCG heatmap in Phase 2B
MB111,flux,en,True,1.0,False,True,1.0,False,True,1.0,False,True,1.0,False,,True,True,0.6141,0.9614,[MB111] COMPLIANT — all constraints satisfied
MB112,sd15,en,True,1.0,False,True,1.0,False,True,1.0,False,,0.0,True,sd15_architectural,False,True,0.5993,0.7599,[MB112] NON-COMPLIANT — Node4: SD v1.5 architectural limitation — text rendering unreliable (Phase 1C accuracy=0.1667); scored as 0.0 in compliance score; excluded from CLCG heatmap in Phase 2B
MB112,flux,en,True,1.0,False,True,1.0,False,True,1.0,False,True,0.5,False,,True,True,0.6137,0.8614,[MB112] COMPLIANT — all constraints satisfied
MB113,sd15,en,False,0.0,True,,0.0,True,,0.0,True,,0.0,True,short_circuit,False,,0.0,0.0,[MB113] NON-COMPLIANT — Node1: required objects absent (short-circuit triggered); Node2/Node3: skipped — object presence failed upstream
MB113,flux,en,True,1.0,False,False,0.0,False,True,1.0,False,False,0.0,False,,True,True,0.6127,0.5613,[MB113] NON-COMPLIANT — Node2: spatial constraints not satisfied; Node4: required text not legibly rendered
MB114,sd15,en,False,0.0,True,,0.0,True,,0.0,True,,0.0,True,short_circuit,False,,0.0,0.0,[MB114] NON-COMPLIANT — Node1: required objects absent (short-circuit triggered); Node2/Node3: skipped — object presence failed upstream
MB114,flux,en,False,0.5,True,,0.0,True,,0.0,True,,0.0,True,short_circuit,True,,0.0,0.15,[MB114] NON-COMPLIANT — Node1: required objects absent (short-circuit triggered); Node2/Node3: skipped — object presence failed upstream
MB115,sd15,en,True,1.0,False,True,1.0,False,True,1.0,False,,0.0,True,sd15_architectural,False,True,0.6046,0.7605,[MB115] NON-COMPLIANT — Node4: SD v1.5 architectural limitation — text rendering unreliable (Phase 1C accuracy=0.1667); scored as 0.0 in compliance score; excluded from CLCG heatmap in Phase 2B
MB115,flux,en,False,0.5,True,,0.0,True,,0.0,True,,0.0,True,short_circuit,True,,0.0,0.15,[MB115] NON-COMPLIANT — Node1: required objects absent (short-circuit triggered); Node2/Node3: skipped — object presence failed upstream
MB116,sd15,en,True,1.0,False,True,1.0,False,False,0.5,False,,0.0,True,sd15_architectural,False,True,0.5999,0.66,[MB116] NON-COMPLIANT — Node3: colour attributes not satisfied; Node4: SD v1.5 architectural limitation — text rendering unreliable (Phase 1C accuracy=0.1667); scored as 0.0 in compliance score; excluded from CLCG heatmap in Phase 2B
MB116,flux,en,False,0.5,True,,0.0,True,,0.0,True,,0.0,True,short_circuit,True,,0.0,0.15,[MB116] NON-COMPLIANT — Node1: required objects absent (short-circuit triggered); Node2/Node3: skipped — object presence failed upstream
MB117,sd15,en,False,0.5,True,,0.0,True,,0.0,True,,0.0,True,short_circuit,False,,0.0,0.15,[MB117] NON-COMPLIANT — Node1: required objects absent (short-circuit triggered); Node2/Node3: skipped — object presence failed upstream
MB117,flux,en,True,1.0,False,True,1.0,False,True,1.0,False,False,0.0,False,,True,True,0.6179,0.7618,[MB117] NON-COMPLIANT — Node4: required text not legibly rendered
MB118,sd15,en,False,0.5,True,,0.0,True,,0.0,True,,0.0,True,short_circuit,False,,0.0,0.15,[MB118] NON-COMPLIANT — Node1: required objects absent (short-circuit triggered); Node2/Node3: skipped — object presence failed upstream
MB118,flux,en,True,1.0,False,True,1.0,False,True,1.0,False,False,0.3636,False,,True,True,0.6181,0.8345,[MB118] NON-COMPLIANT — Node4: required text not legibly rendered
MB119,sd15,en,True,1.0,False,True,1.0,False,False,0.5,False,,0.0,True,sd15_architectural,False,True,0.5973,0.6597,[MB119] NON-COMPLIANT — Node3: colour attributes not satisfied; Node4: SD v1.5 architectural limitation — text rendering unreliable (Phase 1C accuracy=0.1667); scored as 0.0 in compliance score; excluded from CLCG heatmap in Phase 2B
MB119,flux,en,True,1.0,False,True,1.0,False,False,0.5,False,False,0.0,False,,True,True,0.6174,0.6617,[MB119] NON-COMPLIANT — Node3: colour attributes not satisfied; Node4: required text not legibly rendered
MB120,sd15,en,False,0.0,True,,0.0,True,,0.0,True,,0.0,True,short_circuit,False,,0.0,0.0,[MB120] NON-COMPLIANT — Node1: required objects absent (short-circuit triggered); Node2/Node3: skipped — object presence failed upstream
MB120,flux,en,True,1.0,False,True,1.0,False,True,1.0,False,False,0.3529,False,,True,True,0.6186,0.8324,[MB120] NON-COMPLIANT — Node4: required text not legibly rendered
MB121,sd15,en,False,0.5,True,,0.0,True,,0.0,True,,0.0,True,short_circuit,False,,0.0,0.15,[MB121] NON-COMPLIANT — Node1: required objects absent (short-circuit triggered); Node2/Node3: skipped — object presence failed upstream
MB121,flux,en,True,1.0,False,False,0.0,False,True,1.0,False,False,0.1667,False,,True,True,0.6241,0.5958,[MB121] NON-COMPLIANT — Node2: spatial constraints not satisfied; Node4: required text not legibly rendered
MB122,sd15,en,False,0.5,True,,0.0,True,,0.0,True,,0.0,True,short_circuit,False,,0.0,0.15,[MB122] NON-COMPLIANT — Node1: required objects absent (short-circuit triggered); Node2/Node3: skipped — object presence failed upstream
MB122,flux,en,True,1.0,False,True,1.0,False,True,1.0,False,True,1.0,False,,True,True,0.6239,0.9624,[MB122] COMPLIANT — all constraints satisfied
MB123,sd15,en,False,0.5,True,,0.0,True,,0.0,True,,0.0,True,short_circuit,False,,0.0,0.15,[MB123] NON-COMPLIANT — Node1: required objects absent (short-circuit triggered); Node2/Node3: skipped — object presence failed upstream
MB123,flux,en,True,1.0,False,True,1.0,False,True,1.0,False,False,0.0,False,,True,True,0.6182,0.7618,[MB123] NON-COMPLIANT — Node4: required text not legibly rendered
MB124,sd15,en,True,1.0,False,False,0.0,False,False,0.5,False,,0.0,True,sd15_architectural,False,True,0.6021,0.4602,[MB124] NON-COMPLIANT — Node2: spatial constraints not satisfied; Node3: colour attributes not satisfied; Node4: SD v1.5 architectural limitation — text rendering unreliable (Phase 1C accuracy=0.1667); scored as 0.0 in compliance score; excluded from CLCG heatmap in Phase 2B
MB124,flux,en,True,1.0,False,True,1.0,False,True,1.0,False,True,1.0,False,,True,True,0.6189,0.9619,[MB124] COMPLIANT — all constraints satisfied
MB125,sd15,en,True,1.0,False,False,0.0,False,True,1.0,False,,0.0,True,sd15_architectural,False,True,0.5987,0.5599,[MB125] NON-COMPLIANT — Node2: spatial constraints not satisfied; Node4: SD v1.5 architectural limitation — text rendering unreliable (Phase 1C accuracy=0.1667); scored as 0.0 in compliance score; excluded from CLCG heatmap in Phase 2B
MB125,flux,en,True,1.0,False,False,0.0,False,True,1.0,False,False,0.0,False,,True,True,0.619,0.5619,[MB125] NON-COMPLIANT — Node2: spatial constraints not satisfied; Node4: required text not legibly rendered
MB126,sd15,en,True,1.0,False,True,1.0,False,False,0.5,False,,0.0,True,sd15_architectural,False,True,0.6079,0.6608,[MB126] NON-COMPLIANT — Node3: colour attributes not satisfied; Node4: SD v1.5 architectural limitation — text rendering unreliable (Phase 1C accuracy=0.1667); scored as 0.0 in compliance score; excluded from CLCG heatmap in Phase 2B
MB126,flux,en,True,1.0,False,True,1.0,False,True,1.0,False,True,0.6667,False,,True,True,0.6178,0.8951,[MB126] COMPLIANT — all constraints satisfied
MB127,sd15,en,False,0.5,True,,0.0,True,,0.0,True,,0.0,True,short_circuit,False,,0.0,0.15,[MB127] NON-COMPLIANT — Node1: required objects absent (short-circuit triggered); Node2/Node3: skipped — object presence failed upstream
MB127,flux,en,False,0.5,True,,0.0,True,,0.0,True,,0.0,True,short_circuit,True,,0.0,0.15,[MB127] NON-COMPLIANT — Node1: required objects absent (short-circuit triggered); Node2/Node3: skipped — object presence failed upstream
MB128,sd15,en,False,0.5,True,,0.0,True,,0.0,True,,0.0,True,short_circuit,False,,0.0,0.15,[MB128] NON-COMPLIANT — Node1: required objects absent (short-circuit triggered); Node2/Node3: skipped — object presence failed upstream
MB128,flux,en,True,1.0,False,True,1.0,False,True,1.0,False,True,0.9091,False,,True,True,0.6314,0.945,[MB128] COMPLIANT — all constraints satisfied
MB129,sd15,en,False,0.5,True,,0.0,True,,0.0,True,,0.0,True,short_circuit,False,,0.0,0.15,[MB129] NON-COMPLIANT — Node1: required objects absent (short-circuit triggered); Node2/Node3: skipped — object presence failed upstream
MB129,flux,en,False,0.5,True,,0.0,True,,0.0,True,,0.0,True,short_circuit,True,,0.0,0.15,[MB129] NON-COMPLIANT — Node1: required objects absent (short-circuit triggered); Node2/Node3: skipped — object presence failed upstream
MB130,sd15,en,False,0.5,True,,0.0,True,,0.0,True,,0.0,True,short_circuit,False,,0.0,0.15,[MB130] NON-COMPLIANT — Node1: required objects absent (short-circuit triggered); Node2/Node3: skipped — object presence failed upstream
MB130,flux,en,True,1.0,False,False,0.0,False,True,1.0,False,False,0.0,False,,True,True,0.6139,0.5614,[MB130] NON-COMPLIANT — Node2: spatial constraints not satisfied; Node4: required text not legibly rendered
MB131,sd15,en,True,1.0,False,False,0.0,False,True,1.0,False,,0.0,True,sd15_architectural,False,True,0.5966,0.5597,[MB131] NON-COMPLIANT — Node2: spatial constraints not satisfied; Node4: SD v1.5 architectural limitation — text rendering unreliable (Phase 1C accuracy=0.1667); scored as 0.0 in compliance score; excluded from CLCG heatmap in Phase 2B
MB131,flux,en,True,1.0,False,True,1.0,False,True,1.0,False,True,1.0,False,,True,True,0.6199,0.962,[MB131] COMPLIANT — all constraints satisfied
MB132,sd15,en,False,0.5,True,,0.0,True,,0.0,True,,0.0,True,short_circuit,False,,0.0,0.15,[MB132] NON-COMPLIANT — Node1: required objects absent (short-circuit triggered); Node2/Node3: skipped — object presence failed upstream
MB132,flux,en,True,1.0,False,True,1.0,False,True,1.0,False,False,0.0,False,,True,True,0.6127,0.7613,[MB132] NON-COMPLIANT — Node4: required text not legibly rendered
MB133,sd15,en,False,0.5,True,,0.0,True,,0.0,True,,0.0,True,short_circuit,False,,0.0,0.15,[MB133] NON-COMPLIANT — Node1: required objects absent (short-circuit triggered); Node2/Node3: skipped — object presence failed upstream
MB133,flux,en,True,1.0,False,True,1.0,False,True,1.0,False,True,1.0,False,,True,True,0.62,0.962,[MB133] COMPLIANT — all constraints satisfied
MB134,sd15,en,True,1.0,False,False,0.0,False,False,0.0,False,,0.0,True,sd15_architectural,False,True,0.6055,0.3605,[MB134] NON-COMPLIANT — Node2: spatial constraints not satisfied; Node3: colour attributes not satisfied; Node4: SD v1.5 architectural limitation — text rendering unreliable (Phase 1C accuracy=0.1667); scored as 0.0 in compliance score; excluded from CLCG heatmap in Phase 2B
MB134,flux,en,True,1.0,False,True,1.0,False,True,1.0,False,True,1.0,False,,True,True,0.6186,0.9619,[MB134] COMPLIANT — all constraints satisfied
MB135,sd15,en,False,0.5,True,,0.0,True,,0.0,True,,0.0,True,short_circuit,False,,0.0,0.15,[MB135] NON-COMPLIANT — Node1: required objects absent (short-circuit triggered); Node2/Node3: skipped — object presence failed upstream
MB135,flux,en,True,1.0,False,True,1.0,False,True,1.0,False,True,1.0,False,,True,True,0.6163,0.9616,[MB135] COMPLIANT — all constraints satisfied
MB136,sd15,en,False,0.5,True,,0.0,True,,0.0,True,,0.0,True,short_circuit,False,,0.0,0.15,[MB136] NON-COMPLIANT — Node1: required objects absent (short-circuit triggered); Node2/Node3: skipped — object presence failed upstream
MB136,flux,en,False,0.5,True,,0.0,True,,0.0,True,,0.0,True,short_circuit,True,,0.0,0.15,[MB136] NON-COMPLIANT — Node1: required objects absent (short-circuit triggered); Node2/Node3: skipped — object presence failed upstream
MB137,sd15,en,True,1.0,False,True,1.0,False,True,1.0,False,,0.0,True,sd15_architectural,False,True,0.6066,0.7607,[MB137] NON-COMPLIANT — Node4: SD v1.5 architectural limitation — text rendering unreliable (Phase 1C accuracy=0.1667); scored as 0.0 in compliance score; excluded from CLCG heatmap in Phase 2B
MB137,flux,en,True,1.0,False,True,1.0,False,True,1.0,False,True,0.7692,False,,True,True,0.6159,0.9154,[MB137] COMPLIANT — all constraints satisfied
MB138,sd15,en,False,0.0,True,,0.0,True,,0.0,True,,0.0,True,short_circuit,False,,0.0,0.0,[MB138] NON-COMPLIANT — Node1: required objects absent (short-circuit triggered); Node2/Node3: skipped — object presence failed upstream
MB138,flux,en,True,1.0,False,True,1.0,False,True,1.0,False,False,0.0,False,,True,True,0.6102,0.761,[MB138] NON-COMPLIANT — Node4: required text not legibly rendered
MB139,sd15,en,True,1.0,False,True,1.0,False,True,1.0,False,,0.0,True,sd15_architectural,False,True,0.6072,0.7607,[MB139] NON-COMPLIANT — Node4: SD v1.5 architectural limitation — text rendering unreliable (Phase 1C accuracy=0.1667); scored as 0.0 in compliance score; excluded from CLCG heatmap in Phase 2B
MB139,flux,en,True,1.0,False,True,1.0,False,True,1.0,False,False,0.4,False,,True,True,0.613,0.8413,[MB139] NON-COMPLIANT — Node4: required text not legibly rendered
MB140,sd15,en,False,0.5,True,,0.0,True,,0.0,True,,0.0,True,short_circuit,False,,0.0,0.15,[MB140] NON-COMPLIANT — Node1: required objects absent (short-circuit triggered); Node2/Node3: skipped — object presence failed upstream
MB140,flux,en,True,1.0,False,True,1.0,False,True,1.0,False,True,0.8,False,,True,True,0.6136,0.9214,[MB140] COMPLIANT — all constraints satisfied
MB141,sd15,en,False,0.5,True,,0.0,True,,0.0,True,,0.0,True,short_circuit,False,,0.0,0.15,[MB141] NON-COMPLIANT — Node1: required objects absent (short-circuit triggered); Node2/Node3: skipped — object presence failed upstream
MB141,flux,en,False,0.5,True,,0.0,True,,0.0,True,,0.0,True,short_circuit,True,,0.0,0.15,[MB141] NON-COMPLIANT — Node1: required objects absent (short-circuit triggered); Node2/Node3: skipped — object presence failed upstream
MB142,sd15,en,False,0.5,True,,0.0,True,,0.0,True,,0.0,True,short_circuit,False,,0.0,0.15,[MB142] NON-COMPLIANT — Node1: required objects absent (short-circuit triggered); Node2/Node3: skipped — object presence failed upstream
MB142,flux,en,True,1.0,False,False,0.0,False,True,1.0,False,False,0.0,False,,True,True,0.6213,0.5621,[MB142] NON-COMPLIANT — Node2: spatial constraints not satisfied; Node4: required text not legibly rendered
MB143,sd15,en,False,0.0,True,,0.0,True,,0.0,True,,0.0,True,short_circuit,False,,0.0,0.0,[MB143] NON-COMPLIANT — Node1: required objects absent (short-circuit triggered); Node2/Node3: skipped — object presence failed upstream
MB143,flux,en,True,1.0,False,False,0.0,False,True,1.0,False,True,1.0,False,,True,True,0.6103,0.761,[MB143] NON-COMPLIANT — Node2: spatial constraints not satisfied
MB144,sd15,en,False,0.5,True,,0.0,True,,0.0,True,,0.0,True,short_circuit,False,,0.0,0.15,[MB144] NON-COMPLIANT — Node1: required objects absent (short-circuit triggered); Node2/Node3: skipped — object presence failed upstream
MB144,flux,en,True,1.0,False,False,0.0,False,True,1.0,False,False,0.0,False,,True,True,0.6244,0.5624,[MB144] NON-COMPLIANT — Node2: spatial constraints not satisfied; Node4: required text not legibly rendered
MB145,sd15,en,False,0.5,True,,0.0,True,,0.0,True,,0.0,True,short_circuit,False,,0.0,0.15,[MB145] NON-COMPLIANT — Node1: required objects absent (short-circuit triggered); Node2/Node3: skipped — object presence failed upstream
MB145,flux,en,True,1.0,False,True,1.0,False,True,1.0,False,True,1.0,False,,True,True,0.6186,0.9619,[MB145] COMPLIANT — all constraints satisfied
MB146,sd15,en,True,1.0,False,False,0.0,False,True,1.0,False,,0.0,True,sd15_architectural,False,True,0.5977,0.5598,[MB146] NON-COMPLIANT — Node2: spatial constraints not satisfied; Node4: SD v1.5 architectural limitation — text rendering unreliable (Phase 1C accuracy=0.1667); scored as 0.0 in compliance score; excluded from CLCG heatmap in Phase 2B
MB146,flux,en,True,1.0,False,False,0.0,False,True,1.0,False,False,0.0,False,,True,True,0.6202,0.562,[MB146] NON-COMPLIANT — Node2: spatial constraints not satisfied; Node4: required text not legibly rendered
MB147,sd15,en,True,1.0,False,True,1.0,False,False,0.5,False,,0.0,True,sd15_architectural,False,True,0.6038,0.6604,[MB147] NON-COMPLIANT — Node3: colour attributes not satisfied; Node4: SD v1.5 architectural limitation — text rendering unreliable (Phase 1C accuracy=0.1667); scored as 0.0 in compliance score; excluded from CLCG heatmap in Phase 2B
MB147,flux,en,True,1.0,False,True,1.0,False,False,0.5,False,True,1.0,False,,True,True,0.6193,0.8619,[MB147] NON-COMPLIANT — Node3: colour attributes not satisfied
MB148,sd15,en,False,0.5,True,,0.0,True,,0.0,True,,0.0,True,short_circuit,False,,0.0,0.15,[MB148] NON-COMPLIANT — Node1: required objects absent (short-circuit triggered); Node2/Node3: skipped — object presence failed upstream
MB148,flux,en,True,1.0,False,True,1.0,False,True,1.0,False,False,0.4,False,,True,True,0.6087,0.8409,[MB148] NON-COMPLIANT — Node4: required text not legibly rendered
MB149,sd15,en,False,0.5,True,,0.0,True,,0.0,True,,0.0,True,short_circuit,False,,0.0,0.15,[MB149] NON-COMPLIANT — Node1: required objects absent (short-circuit triggered); Node2/Node3: skipped — object presence failed upstream
MB149,flux,en,True,1.0,False,True,1.0,False,True,1.0,False,False,0.0,False,,True,True,0.6103,0.761,[MB149] NON-COMPLIANT — Node4: required text not legibly rendered
MB150,sd15,en,True,1.0,False,False,0.0,False,True,1.0,False,,0.0,True,sd15_architectural,False,True,0.6054,0.5605,[MB150] NON-COMPLIANT — Node2: spatial constraints not satisfied; Node4: SD v1.5 architectural limitation — text rendering unreliable (Phase 1C accuracy=0.1667); scored as 0.0 in compliance score; excluded from CLCG heatmap in Phase 2B
MB150,flux,en,False,0.5,True,,0.0,True,,0.0,True,,0.0,True,short_circuit,True,,0.0,0.15,[MB150] NON-COMPLIANT — Node1: required objects absent (short-circuit triggered); Node2/Node3: skipped — object presence failed upstream
