rating_id,pass,overall,objects,spatial,colour,typography,brief_id,model,language,output_path,node1_pass_configC,node1_score_configC,node1_short_circuit_configC,node2_pass_configC,node2_score_configC,node2_skipped_configC,node3_pass_configC,node3_score_configC,node3_skipped_configC,node4_pass_configC,node4_score_configC,node4_skipped_configC,node4_skipped_reason_configC,node4_clcg_interpretable_configC,node5_pass_configC,node5_score_configC,compliance_score_configC,failure_diagnosis_configC,compliant,output_path_configC,node1_pass_configB,node1_score_configB,node1_short_circuit_configB,node2_pass_configB,node2_score_configB,node2_skipped_configB,node3_pass_configB,node3_score_configB,node3_skipped_configB,node4_pass_configB,node4_score_configB,node4_skipped_configB,node4_skipped_reason_configB,node4_clcg_interpretable_configB,node5_pass_configB,node5_score_configB,compliance_score_configB,failure_diagnosis_configB,clip_score_configA,clip_score_norm_configA
R1-001,1,4,4,3,4,4,MB074,sd15,fr,data\generated_images\phase2b\sd15\fr\MB074_seed42.png,True,1.0,False,True,1.0,False,False,0.0,False,,0.0,True,sd15_architectural,False,True,0.6033,0.5603,[MB074] NON-COMPLIANT — Node3: colour attributes not satisfied; Node4: SD v1.5 architectural limitation — text rendering unreliable (Phase 1C accuracy=0.1667); scored as 0.0,True,data\generated_images\phase2b\sd15\fr\MB074_seed42.png,True,1.0,False,True,1.0,False,False,0.0,False,,0.0,True,sd15_architectural,False,True,0.6033,0.5603,[MB074] NON-COMPLIANT — Node3: colour attributes not satisfied; Node4: SD v1.5 architectural limitation — text rendering unreliable (Phase 1C accuracy=0.1667); scored as 0.0 in compliance score; excluded from CLCG heatmap in Phase 2B,29.2956,0.44238699945756765
R1-002,1,3,3,3,4,2,MB011,sd15,fr,data\generated_images\phase2b\sd15\fr\MB011_seed42.png,False,0.5,True,True,1.0,False,False,0.5,False,,0.0,True,sd15_architectural,False,True,0.6144,0.5114,[MB011] NON-COMPLIANT — Node1: required objects absent; (informational only — flat pipeline: Nodes 2-5 still executed); Node3: colour attributes not satisfied; Node4: SD v1.5 architectural limitation — text rendering unreliable (Phase 1C accuracy=0.1667); scored as 0.0,True,data\generated_images\phase2b\sd15\fr\MB011_seed42.png,False,0.5,True,,0.0,True,,0.0,True,,0.0,True,short_circuit,False,,0.0,0.15,[MB011] NON-COMPLIANT — Node1: required objects absent (short-circuit triggered); Node2/Node3: skipped — object presence failed upstream,36.3618,0.7049168146590479
R1-003,1,3,3,3,3,3,MB005,sd15,de,data\generated_images\phase2b\sd15\de\MB005_seed42.png,True,1.0,False,True,1.0,False,False,0.5,False,,0.0,True,sd15_architectural,False,True,0.604,0.6604,[MB005] NON-COMPLIANT — Node3: colour attributes not satisfied; Node4: SD v1.5 architectural limitation — text rendering unreliable (Phase 1C accuracy=0.1667); scored as 0.0,True,data\generated_images\phase2b\sd15\de\MB005_seed42.png,True,1.0,False,True,1.0,False,False,0.5,False,,0.0,True,sd15_architectural,False,True,0.604,0.6604,[MB005] NON-COMPLIANT — Node3: colour attributes not satisfied; Node4: SD v1.5 architectural limitation — text rendering unreliable (Phase 1C accuracy=0.1667); scored as 0.0 in compliance score; excluded from CLCG heatmap in Phase 2B,33.0158,0.5806032144688249
R1-004,1,2,4,2,3,2,MB109,sd15,fr,data\generated_images\phase2b\sd15\fr\MB109_seed42.png,False,0.5,True,False,0.0,False,False,0.5,False,,0.0,True,sd15_architectural,False,True,0.6054,0.3105,[MB109] NON-COMPLIANT — Node1: required objects absent; (informational only — flat pipeline: Nodes 2-5 still executed); Node2: spatial constraints not satisfied; Node3: colour attributes not satisfied; Node4: SD v1.5 architectural limitation — text rendering unreliable (Phase 1C accuracy=0.1667); scored as 0.0,False,data\generated_images\phase2b\sd15\fr\MB109_seed42.png,False,0.5,True,,0.0,True,,0.0,True,,0.0,True,short_circuit,False,,0.0,0.15,[MB109] NON-COMPLIANT — Node1: required objects absent (short-circuit triggered); Node2/Node3: skipped — object presence failed upstream,26.6329,0.3434599751818634
R1-005,1,5,5,5,4,5,MB067,flux,de,data\generated_images\phase2b\flux\de\MB067_seed42.png,True,1.0,False,True,1.0,False,True,1.0,False,True,1.0,False,,True,True,0.6207,0.9621,[MB067] COMPLIANT — all constraints satisfied,True,data\generated_images\phase2b\flux\de\MB067_seed42.png,True,1.0,False,True,1.0,False,True,1.0,False,True,1.0,False,,True,True,0.6207,0.9621,[MB067] COMPLIANT — all constraints satisfied,36.8326,0.7224083995274151
R1-006,1,5,5,5,5,4,MB089,flux,fr,data\generated_images\phase2b\flux\fr\MB089_seed42.png,True,1.0,False,False,0.0,False,True,1.0,False,True,1.0,False,,True,True,0.6233,0.7623,[MB089] NON-COMPLIANT — Node2: spatial constraints not satisfied,True,data\generated_images\phase2b\flux\fr\MB089_seed42.png,True,1.0,False,False,0.0,False,True,1.0,False,True,1.0,False,,True,True,0.6233,0.7623,[MB089] NON-COMPLIANT — Node2: spatial constraints not satisfied,36.1111,0.6956025828695412
R1-007,1,2,2,2,2,2,MB096,flux,fr,data\generated_images\phase2b\flux\fr\MB096_seed42.png,False,0.0,True,False,0.0,False,False,0.0,False,False,0.0,False,,True,True,0.6097,0.061,[MB096] NON-COMPLIANT — Node1: required objects absent; (informational only — flat pipeline: Nodes 2-5 still executed); Node2: spatial constraints not satisfied; Node3: colour attributes not satisfied; Node4: required text not legibly rendered,False,data\generated_images\phase2b\flux\fr\MB096_seed42.png,False,0.0,True,,0.0,True,,0.0,True,,0.0,True,short_circuit,True,,0.0,0.0,[MB096] NON-COMPLIANT — Node1: required objects absent (short-circuit triggered); Node2/Node3: skipped — object presence failed upstream,32.2827,0.5533664241820788
R1-008,1,1,1,1,1,1,MB023,sd15,de,data\generated_images\phase2b\sd15\de\MB023_seed42.png,False,0.0,True,False,0.0,False,False,0.5,False,,0.0,True,sd15_architectural,False,True,0.5959,0.1596,[MB023] NON-COMPLIANT — Node1: required objects absent; (informational only — flat pipeline: Nodes 2-5 still executed); Node2: spatial constraints not satisfied; Node3: colour attributes not satisfied; Node4: SD v1.5 architectural limitation — text rendering unreliable (Phase 1C accuracy=0.1667); scored as 0.0,False,data\generated_images\phase2b\sd15\de\MB023_seed42.png,False,0.0,True,,0.0,True,,0.0,True,,0.0,True,short_circuit,False,,0.0,0.0,[MB023] NON-COMPLIANT — Node1: required objects absent (short-circuit triggered); Node2/Node3: skipped — object presence failed upstream,24.2835,0.2561729541756143
R1-009,1,3,3,3,3,1,MB048,sd15,fr,data\generated_images\phase2b\sd15\fr\MB048_seed42.png,False,0.5,True,True,1.0,False,True,1.0,False,,0.0,True,sd15_architectural,False,True,0.6109,0.6111,[MB048] NON-COMPLIANT — Node1: required objects absent; (informational only — flat pipeline: Nodes 2-5 still executed); Node4: SD v1.5 architectural limitation — text rendering unreliable (Phase 1C accuracy=0.1667); scored as 0.0,True,data\generated_images\phase2b\sd15\fr\MB048_seed42.png,False,0.5,True,,0.0,True,,0.0,True,,0.0,True,short_circuit,False,,0.0,0.15,[MB048] NON-COMPLIANT — Node1: required objects absent (short-circuit triggered); Node2/Node3: skipped — object presence failed upstream,35.7095,0.6806819786147912
R1-010,1,4,4,4,5,3,MB090,flux,es,data\generated_images\phase2b\flux\es\MB090_seed42.png,True,1.0,False,True,1.0,False,True,1.0,False,False,0.2857,False,,True,True,0.6115,0.8183,[MB090] NON-COMPLIANT — Node4: required text not legibly rendered,True,data\generated_images\phase2b\flux\es\MB090_seed42.png,True,1.0,False,True,1.0,False,True,1.0,False,False,0.2857,False,,True,True,0.6115,0.8183,[MB090] NON-COMPLIANT — Node4: required text not legibly rendered,36.1345,0.696471960707094
R1-011,1,1,1,1,1,1,MB041,sd15,de,data\generated_images\phase2b\sd15\de\MB041_seed42.png,False,0.0,True,False,0.0,False,False,0.0,False,,0.0,True,sd15_architectural,False,True,0.5939,0.0594,[MB041] NON-COMPLIANT — Node1: required objects absent; (informational only — flat pipeline: Nodes 2-5 still executed); Node2: spatial constraints not satisfied; Node3: colour attributes not satisfied; Node4: SD v1.5 architectural limitation — text rendering unreliable (Phase 1C accuracy=0.1667); scored as 0.0,False,data\generated_images\phase2b\sd15\de\MB041_seed42.png,False,0.0,True,,0.0,True,,0.0,True,,0.0,True,short_circuit,False,,0.0,0.0,[MB041] NON-COMPLIANT — Node1: required objects absent (short-circuit triggered); Node2/Node3: skipped — object presence failed upstream,29.7218,0.4582215650287192
R1-012,1,5,5,5,5,4,MB007,flux,fr,data\generated_images\phase2b\flux\fr\MB007_seed42.png,True,1.0,False,True,1.0,False,True,1.0,False,True,1.0,False,,True,True,0.6251,0.9625,[MB007] COMPLIANT — all constraints satisfied,True,data\generated_images\phase2b\flux\fr\MB007_seed42.png,True,1.0,False,True,1.0,False,True,1.0,False,True,1.0,False,,True,True,0.6251,0.9625,[MB007] COMPLIANT — all constraints satisfied,37.6227,0.7517629050594818
R1-013,1,2,2,2,2,2,MB056,sd15,de,data\generated_images\phase2b\sd15\de\MB056_seed42.png,False,0.0,True,False,0.0,False,False,0.0,False,,0.0,True,sd15_architectural,False,True,0.5973,0.0597,[MB056] NON-COMPLIANT — Node1: required objects absent; (informational only — flat pipeline: Nodes 2-5 still executed); Node2: spatial constraints not satisfied; Node3: colour attributes not satisfied; Node4: SD v1.5 architectural limitation — text rendering unreliable (Phase 1C accuracy=0.1667); scored as 0.0,False,data\generated_images\phase2b\sd15\de\MB056_seed42.png,False,0.0,True,,0.0,True,,0.0,True,,0.0,True,short_circuit,False,,0.0,0.0,[MB056] NON-COMPLIANT — Node1: required objects absent (short-circuit triggered); Node2/Node3: skipped — object presence failed upstream,30.5801,0.49010989827536244
R1-014,1,3,3,3,3,3,MB106,flux,de,data\generated_images\phase2b\flux\de\MB106_seed42.png,False,0.5,True,False,0.0,False,False,0.5,False,False,0.0,False,,True,True,0.6303,0.313,[MB106] NON-COMPLIANT — Node1: required objects absent; (informational only — flat pipeline: Nodes 2-5 still executed); Node2: spatial constraints not satisfied; Node3: colour attributes not satisfied; Node4: required text not legibly rendered,False,data\generated_images\phase2b\flux\de\MB106_seed42.png,False,0.5,True,,0.0,True,,0.0,True,,0.0,True,short_circuit,True,,0.0,0.15,[MB106] NON-COMPLIANT — Node1: required objects absent (short-circuit triggered); Node2/Node3: skipped — object presence failed upstream,35.1526,0.6599915291390187
R1-015,1,4,4,4,4,4,MB120,sd15,es,data\generated_images\phase2b\sd15\es\MB120_seed42.png,False,0.5,True,True,1.0,False,False,0.5,False,,0.0,True,sd15_architectural,False,True,0.607,0.5107,[MB120] NON-COMPLIANT — Node1: required objects absent; (informational only — flat pipeline: Nodes 2-5 still executed); Node3: colour attributes not satisfied; Node4: SD v1.5 architectural limitation — text rendering unreliable (Phase 1C accuracy=0.1667); scored as 0.0,True,data\generated_images\phase2b\sd15\es\MB120_seed42.png,False,0.5,True,,0.0,True,,0.0,True,,0.0,True,short_circuit,False,,0.0,0.15,[MB120] NON-COMPLIANT — Node1: required objects absent (short-circuit triggered); Node2/Node3: skipped — object presence failed upstream,33.5294,0.5996849434161348
R1-016,1,3,3,3,3,3,MB052,sd15,es,data\generated_images\phase2b\sd15\es\MB052_seed42.png,False,0.0,True,False,0.0,False,False,0.0,False,,0.0,True,sd15_architectural,False,True,0.5869,0.0587,[MB052] NON-COMPLIANT — Node1: required objects absent; (informational only — flat pipeline: Nodes 2-5 still executed); Node2: spatial constraints not satisfied; Node3: colour attributes not satisfied; Node4: SD v1.5 architectural limitation — text rendering unreliable (Phase 1C accuracy=0.1667); scored as 0.0,False,data\generated_images\phase2b\sd15\es\MB052_seed42.png,False,0.0,True,,0.0,True,,0.0,True,,0.0,True,short_circuit,False,,0.0,0.0,[MB052] NON-COMPLIANT — Node1: required objects absent (short-circuit triggered); Node2/Node3: skipped — object presence failed upstream,27.2547,0.3665616478053782
R1-017,1,4,4,3,3,5,MB018,flux,es,data\generated_images\phase2b\flux\es\MB018_seed42.png,True,1.0,False,True,1.0,False,False,0.5,False,True,1.0,False,,True,True,0.6252,0.8625,[MB018] NON-COMPLIANT — Node3: colour attributes not satisfied,True,data\generated_images\phase2b\flux\es\MB018_seed42.png,True,1.0,False,True,1.0,False,False,0.5,False,True,1.0,False,,True,True,0.6252,0.8625,[MB018] NON-COMPLIANT — Node3: colour attributes not satisfied,38.4716,0.7833020010551424
R1-018,1,1,1,1,1,1,MB039,sd15,de,data\generated_images\phase2b\sd15\de\MB039_seed42.png,True,1.0,False,True,1.0,False,False,0.5,False,,0.0,True,sd15_architectural,False,True,0.6011,0.6601,[MB039] NON-COMPLIANT — Node3: colour attributes not satisfied; Node4: SD v1.5 architectural limitation — text rendering unreliable (Phase 1C accuracy=0.1667); scored as 0.0,True,data\generated_images\phase2b\sd15\de\MB039_seed42.png,True,1.0,False,True,1.0,False,False,0.5,False,,0.0,True,sd15_architectural,False,True,0.6011,0.6601,[MB039] NON-COMPLIANT — Node3: colour attributes not satisfied; Node4: SD v1.5 architectural limitation — text rendering unreliable (Phase 1C accuracy=0.1667); scored as 0.0 in compliance score; excluded from CLCG heatmap in Phase 2B,33.2453,0.5891298047986684
R1-019,1,4,4,4,4,3,MB131,sd15,es,data\generated_images\phase2b\sd15\es\MB131_seed42.png,True,1.0,False,False,0.0,False,True,1.0,False,,0.0,True,sd15_architectural,False,True,0.5937,0.5594,[MB131] NON-COMPLIANT — Node2: spatial constraints not satisfied; Node4: SD v1.5 architectural limitation — text rendering unreliable (Phase 1C accuracy=0.1667); scored as 0.0,True,data\generated_images\phase2b\sd15\es\MB131_seed42.png,True,1.0,False,False,0.0,False,True,1.0,False,,0.0,True,sd15_architectural,False,True,0.5937,0.5594,[MB131] NON-COMPLIANT — Node2: spatial constraints not satisfied; Node4: SD v1.5 architectural limitation — text rendering unreliable (Phase 1C accuracy=0.1667); scored as 0.0 in compliance score; excluded from CLCG heatmap in Phase 2B,29.0048,0.4315829364165285
R1-020,1,5,5,5,5,4,MB027,flux,es,data\generated_images\phase2b\flux\es\MB027_seed42.png,True,1.0,False,True,1.0,False,True,1.0,False,True,0.75,False,,True,True,0.6226,0.9123,[MB027] COMPLIANT — all constraints satisfied,True,data\generated_images\phase2b\flux\es\MB027_seed42.png,True,1.0,False,False,0.0,False,True,1.0,False,True,0.75,False,,True,True,0.6226,0.7123,[MB027] NON-COMPLIANT — Node2: spatial constraints not satisfied,38.0339,0.7670401771450227
R1-021,1,4,5,3,4,3,MB094,flux,fr,data\generated_images\phase2b\flux\fr\MB094_seed42.png,True,1.0,False,True,1.0,False,True,1.0,False,False,0.4,False,,True,True,0.6203,0.842,[MB094] NON-COMPLIANT — Node4: required text not legibly rendered,True,data\generated_images\phase2b\flux\fr\MB094_seed42.png,True,1.0,False,True,1.0,False,True,1.0,False,False,0.4,False,,True,True,0.6203,0.842,[MB094] NON-COMPLIANT — Node4: required text not legibly rendered,33.7791,0.6089620223066006
R1-022,1,4,4,4,4,1,MB060,sd15,fr,data\generated_images\phase2b\sd15\fr\MB060_seed42.png,True,1.0,False,False,0.0,False,True,1.0,False,,0.0,True,sd15_architectural,False,True,0.6045,0.5605,[MB060] NON-COMPLIANT — Node2: spatial constraints not satisfied; Node4: SD v1.5 architectural limitation — text rendering unreliable (Phase 1C accuracy=0.1667); scored as 0.0,True,data\generated_images\phase2b\sd15\fr\MB060_seed42.png,True,1.0,False,False,0.0,False,True,1.0,False,,0.0,True,sd15_architectural,False,True,0.6045,0.5605,[MB060] NON-COMPLIANT — Node2: spatial constraints not satisfied; Node4: SD v1.5 architectural limitation — text rendering unreliable (Phase 1C accuracy=0.1667); scored as 0.0 in compliance score; excluded from CLCG heatmap in Phase 2B,33.2396,0.5889180332741365
R1-023,1,2,4,3,1,1,MB033,flux,de,data\generated_images\phase2b\flux\de\MB033_seed42.png,False,0.5,True,False,0.0,False,False,0.0,False,True,0.6667,False,,True,True,0.6031,0.3437,[MB033] NON-COMPLIANT — Node1: required objects absent; (informational only — flat pipeline: Nodes 2-5 still executed); Node2: spatial constraints not satisfied; Node3: colour attributes not satisfied,False,data\generated_images\phase2b\flux\de\MB033_seed42.png,False,0.5,True,,0.0,True,,0.0,True,,0.0,True,short_circuit,True,,0.0,0.15,[MB033] NON-COMPLIANT — Node1: required objects absent (short-circuit triggered); Node2/Node3: skipped — object presence failed upstream,34.3139,0.6288313927135732
R1-024,1,1,1,1,1,1,MB088,flux,fr,data\generated_images\phase2b\flux\fr\MB088_seed42.png,False,0.5,True,False,0.0,False,False,0.0,False,True,1.0,False,,True,True,0.6008,0.4101,[MB088] NON-COMPLIANT — Node1: required objects absent; (informational only — flat pipeline: Nodes 2-5 still executed); Node2: spatial constraints not satisfied; Node3: colour attributes not satisfied,False,data\generated_images\phase2b\flux\fr\MB088_seed42.png,False,0.5,True,,0.0,True,,0.0,True,,0.0,True,short_circuit,True,,0.0,0.15,[MB088] NON-COMPLIANT — Node1: required objects absent (short-circuit triggered); Node2/Node3: skipped — object presence failed upstream,21.3632,0.14767534310702257
R1-025,1,3,4,3,3,1,MB005,sd15,fr,data\generated_images\phase2b\sd15\fr\MB005_seed42.png,True,1.0,False,True,1.0,False,False,0.0,False,,0.0,True,sd15_architectural,False,True,0.6048,0.5605,[MB005] NON-COMPLIANT — Node3: colour attributes not satisfied; Node4: SD v1.5 architectural limitation — text rendering unreliable (Phase 1C accuracy=0.1667); scored as 0.0,True,data\generated_images\phase2b\sd15\fr\MB005_seed42.png,True,1.0,False,True,1.0,False,False,0.0,False,,0.0,True,sd15_architectural,False,True,0.6048,0.5605,[MB005] NON-COMPLIANT — Node3: colour attributes not satisfied; Node4: SD v1.5 architectural limitation — text rendering unreliable (Phase 1C accuracy=0.1667); scored as 0.0 in compliance score; excluded from CLCG heatmap in Phase 2B,30.7102,0.4949434904405591
R1-026,1,2,2,2,2,1,MB058,sd15,de,data\generated_images\phase2b\sd15\de\MB058_seed42.png,False,0.0,True,False,0.0,False,False,0.5,False,,0.0,True,sd15_architectural,False,True,0.5977,0.1598,[MB058] NON-COMPLIANT — Node1: required objects absent; (informational only — flat pipeline: Nodes 2-5 still executed); Node2: spatial constraints not satisfied; Node3: colour attributes not satisfied; Node4: SD v1.5 architectural limitation — text rendering unreliable (Phase 1C accuracy=0.1667); scored as 0.0,False,data\generated_images\phase2b\sd15\de\MB058_seed42.png,False,0.0,True,,0.0,True,,0.0,True,,0.0,True,short_circuit,False,,0.0,0.0,[MB058] NON-COMPLIANT — Node1: required objects absent (short-circuit triggered); Node2/Node3: skipped — object presence failed upstream,30.5454,0.4888206926786497
R1-027,1,1,1,1,1,1,MB051,sd15,de,data\generated_images\phase2b\sd15\de\MB051_seed42.png,False,0.5,True,False,0.0,False,False,0.5,False,,0.0,True,sd15_architectural,False,True,0.5873,0.3087,[MB051] NON-COMPLIANT — Node1: required objects absent; (informational only — flat pipeline: Nodes 2-5 still executed); Node2: spatial constraints not satisfied; Node3: colour attributes not satisfied; Node4: SD v1.5 architectural limitation — text rendering unreliable (Phase 1C accuracy=0.1667); scored as 0.0,False,data\generated_images\phase2b\sd15\de\MB051_seed42.png,False,0.5,True,,0.0,True,,0.0,True,,0.0,True,short_circuit,False,,0.0,0.15,[MB051] NON-COMPLIANT — Node1: required objects absent (short-circuit triggered); Node2/Node3: skipped — object presence failed upstream,28.5703,0.4154400017833391
R1-028,1,1,1,1,1,1,MB105,flux,es,data\generated_images\phase2b\flux\es\MB105_seed42.png,False,0.0,True,False,0.0,False,False,0.0,False,True,1.0,False,,True,True,0.6033,0.2603,[MB105] NON-COMPLIANT — Node1: required objects absent; (informational only — flat pipeline: Nodes 2-5 still executed); Node2: spatial constraints not satisfied; Node3: colour attributes not satisfied,False,data\generated_images\phase2b\flux\es\MB105_seed42.png,False,0.0,True,,0.0,True,,0.0,True,,0.0,True,short_circuit,True,,0.0,0.0,[MB105] NON-COMPLIANT — Node1: required objects absent (short-circuit triggered); Node2/Node3: skipped — object presence failed upstream,29.7703,0.46002348063219367
R1-029,1,4,5,5,5,4,MB073,flux,fr,data\generated_images\phase2b\flux\fr\MB073_seed42.png,False,0.5,True,False,0.0,False,False,0.5,False,False,0.4,False,,True,True,0.617,0.3917,[MB073] NON-COMPLIANT — Node1: required objects absent; (informational only — flat pipeline: Nodes 2-5 still executed); Node2: spatial constraints not satisfied; Node3: colour attributes not satisfied; Node4: required text not legibly rendered,False,data\generated_images\phase2b\flux\fr\MB073_seed42.png,False,0.5,True,,0.0,True,,0.0,True,,0.0,True,short_circuit,True,,0.0,0.15,[MB073] NON-COMPLIANT — Node1: required objects absent (short-circuit triggered); Node2/Node3: skipped — object presence failed upstream,38.9082,0.7995229567763172
R1-030,1,4,4,4,4,3,MB124,sd15,es,data\generated_images\phase2b\sd15\es\MB124_seed42.png,False,0.0,True,False,0.0,False,False,0.0,False,,0.0,True,sd15_architectural,False,True,0.5866,0.0587,[MB124] NON-COMPLIANT — Node1: required objects absent; (informational only — flat pipeline: Nodes 2-5 still executed); Node2: spatial constraints not satisfied; Node3: colour attributes not satisfied; Node4: SD v1.5 architectural limitation — text rendering unreliable (Phase 1C accuracy=0.1667); scored as 0.0,False,data\generated_images\phase2b\sd15\es\MB124_seed42.png,False,0.0,True,,0.0,True,,0.0,True,,0.0,True,short_circuit,False,,0.0,0.0,[MB124] NON-COMPLIANT — Node1: required objects absent (short-circuit triggered); Node2/Node3: skipped — object presence failed upstream,28.1063,0.39820105662844874
R1-031,1,3,4,3,3,1,MB001,flux,de,data\generated_images\phase2b\flux\de\MB001_seed42.png,True,1.0,False,False,0.0,False,True,1.0,False,False,0.0,False,,True,True,0.6181,0.5618,[MB001] NON-COMPLIANT — Node2: spatial constraints not satisfied; Node4: required text not legibly rendered,True,data\generated_images\phase2b\flux\de\MB001_seed42.png,True,1.0,False,False,0.0,False,True,1.0,False,False,0.0,False,,True,True,0.6181,0.5618,[MB001] NON-COMPLIANT — Node2: spatial constraints not satisfied; Node4: required text not legibly rendered,34.3816,0.6313466439786296
R1-032,1,4,5,4,4,3,MB101,flux,fr,data\generated_images\phase2b\flux\fr\MB101_seed42.png,False,0.5,True,False,0.0,False,False,0.5,False,False,0.2222,False,,True,True,0.6129,0.3557,[MB101] NON-COMPLIANT — Node1: required objects absent; (informational only — flat pipeline: Nodes 2-5 still executed); Node2: spatial constraints not satisfied; Node3: colour attributes not satisfied; Node4: required text not legibly rendered,False,data\generated_images\phase2b\flux\fr\MB101_seed42.png,False,0.5,True,,0.0,True,,0.0,True,,0.0,True,short_circuit,True,,0.0,0.15,[MB101] NON-COMPLIANT — Node1: required objects absent (short-circuit triggered); Node2/Node3: skipped — object presence failed upstream,25.4117,0.29808885487334574
R1-033,1,4,4,4,4,2,MB120,flux,de,data\generated_images\phase2b\flux\de\MB120_seed42.png,False,0.5,True,True,1.0,False,False,0.5,False,True,0.8333,False,,True,True,0.6249,0.6792,[MB120] NON-COMPLIANT — Node1: required objects absent; (informational only — flat pipeline: Nodes 2-5 still executed); Node3: colour attributes not satisfied,True,data\generated_images\phase2b\flux\de\MB120_seed42.png,False,0.5,True,,0.0,True,,0.0,True,,0.0,True,short_circuit,True,,0.0,0.15,[MB120] NON-COMPLIANT — Node1: required objects absent (short-circuit triggered); Node2/Node3: skipped — object presence failed upstream,30.7663,0.49702776807674304
R1-034,1,1,1,1,1,1,MB084,sd15,es,data\generated_images\phase2b\sd15\es\MB084_seed42.png,False,0.5,True,False,0.0,False,True,1.0,False,,0.0,True,sd15_architectural,False,True,0.5983,0.4098,[MB084] NON-COMPLIANT — Node1: required objects absent; (informational only — flat pipeline: Nodes 2-5 still executed); Node2: spatial constraints not satisfied; Node4: SD v1.5 architectural limitation — text rendering unreliable (Phase 1C accuracy=0.1667); scored as 0.0,False,data\generated_images\phase2b\sd15\es\MB084_seed42.png,False,0.5,True,,0.0,True,,0.0,True,,0.0,True,short_circuit,False,,0.0,0.15,[MB084] NON-COMPLIANT — Node1: required objects absent (short-circuit triggered); Node2/Node3: skipped — object presence failed upstream,34.7404,0.6446771041544371
R1-035,1,3,3,3,4,1,MB068,sd15,fr,data\generated_images\phase2b\sd15\fr\MB068_seed42.png,False,0.0,True,False,0.0,False,False,0.5,False,,0.0,True,sd15_architectural,False,True,0.5942,0.1594,[MB068] NON-COMPLIANT — Node1: required objects absent; (informational only — flat pipeline: Nodes 2-5 still executed); Node2: spatial constraints not satisfied; Node3: colour attributes not satisfied; Node4: SD v1.5 architectural limitation — text rendering unreliable (Phase 1C accuracy=0.1667); scored as 0.0,False,data\generated_images\phase2b\sd15\fr\MB068_seed42.png,False,0.0,True,,0.0,True,,0.0,True,,0.0,True,short_circuit,False,,0.0,0.0,[MB068] NON-COMPLIANT — Node1: required objects absent (short-circuit triggered); Node2/Node3: skipped — object presence failed upstream,31.0138,0.5062231105893192
R1-036,1,4,4,3,5,2,MB091,flux,es,data\generated_images\phase2b\flux\es\MB091_seed42.png,False,0.5,True,False,0.0,False,False,0.5,False,False,0.0,False,,True,True,0.6131,0.3113,[MB091] NON-COMPLIANT — Node1: required objects absent; (informational only — flat pipeline: Nodes 2-5 still executed); Node2: spatial constraints not satisfied; Node3: colour attributes not satisfied; Node4: required text not legibly rendered,False,data\generated_images\phase2b\flux\es\MB091_seed42.png,False,0.5,True,,0.0,True,,0.0,True,,0.0,True,short_circuit,True,,0.0,0.15,[MB091] NON-COMPLIANT — Node1: required objects absent (short-circuit triggered); Node2/Node3: skipped — object presence failed upstream,28.0535,0.39623938355909905
R1-037,1,4,4,4,4,1,MB083,flux,de,data\generated_images\phase2b\flux\de\MB083_seed42.png,False,0.5,True,False,0.0,False,False,0.5,False,False,0.0,False,,True,True,0.5984,0.3098,[MB083] NON-COMPLIANT — Node1: required objects absent; (informational only — flat pipeline: Nodes 2-5 still executed); Node2: spatial constraints not satisfied; Node3: colour attributes not satisfied; Node4: required text not legibly rendered,False,data\generated_images\phase2b\flux\de\MB083_seed42.png,False,0.5,True,,0.0,True,,0.0,True,,0.0,True,short_circuit,True,,0.0,0.15,[MB083] NON-COMPLIANT — Node1: required objects absent (short-circuit triggered); Node2/Node3: skipped — object presence failed upstream,31.7306,0.5328543086217017
R1-038,1,1,1,1,1,1,MB094,sd15,fr,data\generated_images\phase2b\sd15\fr\MB094_seed42.png,False,0.5,True,False,0.0,False,False,0.5,False,,0.0,True,sd15_architectural,False,True,0.5955,0.3095,[MB094] NON-COMPLIANT — Node1: required objects absent; (informational only — flat pipeline: Nodes 2-5 still executed); Node2: spatial constraints not satisfied; Node3: colour attributes not satisfied; Node4: SD v1.5 architectural limitation — text rendering unreliable (Phase 1C accuracy=0.1667); scored as 0.0,False,data\generated_images\phase2b\sd15\fr\MB094_seed42.png,False,0.5,True,,0.0,True,,0.0,True,,0.0,True,short_circuit,False,,0.0,0.15,[MB094] NON-COMPLIANT — Node1: required objects absent (short-circuit triggered); Node2/Node3: skipped — object presence failed upstream,27.5108,0.3760765052497046
R1-039,1,3,3,4,5,5,MB146,flux,es,data\generated_images\phase2b\flux\es\MB146_seed42.png,False,0.0,True,False,0.0,False,False,0.5,False,True,1.0,False,,True,True,0.6077,0.3608,[MB146] NON-COMPLIANT — Node1: required objects absent; (informational only — flat pipeline: Nodes 2-5 still executed); Node2: spatial constraints not satisfied; Node3: colour attributes not satisfied,False,data\generated_images\phase2b\flux\es\MB146_seed42.png,False,0.0,True,,0.0,True,,0.0,True,,0.0,True,short_circuit,True,,0.0,0.0,[MB146] NON-COMPLIANT — Node1: required objects absent (short-circuit triggered); Node2/Node3: skipped — object presence failed upstream,21.9236,0.16849582772943772
R1-040,1,3,3,3,3,1,MB118,sd15,de,data\generated_images\phase2b\sd15\de\MB118_seed42.png,True,1.0,False,True,1.0,False,False,0.5,False,,0.0,True,sd15_architectural,False,True,0.5967,0.6597,[MB118] NON-COMPLIANT — Node3: colour attributes not satisfied; Node4: SD v1.5 architectural limitation — text rendering unreliable (Phase 1C accuracy=0.1667); scored as 0.0,True,data\generated_images\phase2b\sd15\de\MB118_seed42.png,True,1.0,False,True,1.0,False,False,0.5,False,,0.0,True,sd15_architectural,False,True,0.5967,0.6597,[MB118] NON-COMPLIANT — Node3: colour attributes not satisfied; Node4: SD v1.5 architectural limitation — text rendering unreliable (Phase 1C accuracy=0.1667); scored as 0.0 in compliance score; excluded from CLCG heatmap in Phase 2B,33.1519,0.5856597240282658
R1-041,1,5,5,5,4,5,MB045,flux,de,data\generated_images\phase2b\flux\de\MB045_seed42.png,False,0.0,True,False,0.0,False,False,0.0,False,False,0.0,False,,True,True,0.6039,0.0604,[MB045] NON-COMPLIANT — Node1: required objects absent; (informational only — flat pipeline: Nodes 2-5 still executed); Node2: spatial constraints not satisfied; Node3: colour attributes not satisfied; Node4: required text not legibly rendered,False,data\generated_images\phase2b\flux\de\MB045_seed42.png,False,0.0,True,,0.0,True,,0.0,True,,0.0,True,short_circuit,True,,0.0,0.0,[MB045] NON-COMPLIANT — Node1: required objects absent (short-circuit triggered); Node2/Node3: skipped — object presence failed upstream,30.4984,0.48707450642373623
R1-042,1,4,5,4,5,5,MB032,flux,de,data\generated_images\phase2b\flux\de\MB032_seed42.png,True,1.0,False,True,1.0,False,True,1.0,False,True,1.0,False,,True,True,0.6091,0.9609,[MB032] COMPLIANT — all constraints satisfied,True,data\generated_images\phase2b\flux\de\MB032_seed42.png,True,1.0,False,True,1.0,False,True,1.0,False,True,1.0,False,,True,True,0.6091,0.9609,[MB032] COMPLIANT — all constraints satisfied,35.6794,0.6795636763536659
R1-043,1,5,5,5,5,5,MB015,flux,fr,data\generated_images\phase2b\flux\fr\MB015_seed42.png,True,1.0,False,True,1.0,False,True,1.0,False,False,0.0,False,,True,True,0.6258,0.7626,[MB015] NON-COMPLIANT — Node4: required text not legibly rendered,True,data\generated_images\phase2b\flux\fr\MB015_seed42.png,True,1.0,False,True,1.0,False,True,1.0,False,False,0.0,False,,True,True,0.6258,0.7626,[MB015] NON-COMPLIANT — Node4: required text not legibly rendered,36.0696,0.6940607375593517
R1-044,1,5,5,5,5,4,MB012,flux,de,data\generated_images\phase2b\flux\de\MB012_seed42.png,True,1.0,False,True,1.0,False,True,1.0,False,True,1.0,False,,True,True,0.6221,0.9622,[MB012] COMPLIANT — all constraints satisfied,True,data\generated_images\phase2b\flux\de\MB012_seed42.png,True,1.0,False,True,1.0,False,True,1.0,False,True,1.0,False,,True,True,0.6221,0.9622,[MB012] COMPLIANT — all constraints satisfied,30.0592,0.47075695316505545
R1-045,1,3,3,3,3,1,MB098,sd15,es,data\generated_images\phase2b\sd15\es\MB098_seed42.png,False,0.5,True,False,0.0,False,False,0.5,False,,0.0,True,sd15_architectural,False,True,0.6043,0.3104,[MB098] NON-COMPLIANT — Node1: required objects absent; (informational only — flat pipeline: Nodes 2-5 still executed); Node2: spatial constraints not satisfied; Node3: colour attributes not satisfied; Node4: SD v1.5 architectural limitation — text rendering unreliable (Phase 1C accuracy=0.1667); scored as 0.0,False,data\generated_images\phase2b\sd15\es\MB098_seed42.png,False,0.5,True,,0.0,True,,0.0,True,,0.0,True,short_circuit,False,,0.0,0.15,[MB098] NON-COMPLIANT — Node1: required objects absent (short-circuit triggered); Node2/Node3: skipped — object presence failed upstream,30.3818,0.4827424783955891
R1-046,1,3,3,3,3,1,MB029,sd15,es,data\generated_images\phase2b\sd15\es\MB029_seed42.png,True,1.0,False,True,1.0,False,True,1.0,False,,0.0,True,sd15_architectural,False,True,0.6092,0.7609,[MB029] NON-COMPLIANT — Node4: SD v1.5 architectural limitation — text rendering unreliable (Phase 1C accuracy=0.1667); scored as 0.0,True,data\generated_images\phase2b\sd15\es\MB029_seed42.png,True,1.0,False,True,1.0,False,True,1.0,False,,0.0,True,sd15_architectural,False,True,0.6092,0.7609,[MB029] NON-COMPLIANT — Node4: SD v1.5 architectural limitation — text rendering unreliable (Phase 1C accuracy=0.1667); scored as 0.0 in compliance score; excluded from CLCG heatmap in Phase 2B,33.8375,0.6111317516105781
R1-047,1,1,1,1,1,1,MB066,sd15,de,data\generated_images\phase2b\sd15\de\MB066_seed42.png,True,1.0,False,True,1.0,False,False,0.5,False,,0.0,True,sd15_architectural,False,True,0.6035,0.6603,[MB066] NON-COMPLIANT — Node3: colour attributes not satisfied; Node4: SD v1.5 architectural limitation — text rendering unreliable (Phase 1C accuracy=0.1667); scored as 0.0,True,data\generated_images\phase2b\sd15\de\MB066_seed42.png,True,1.0,False,True,1.0,False,False,0.5,False,,0.0,True,sd15_architectural,False,True,0.6035,0.6603,[MB066] NON-COMPLIANT — Node3: colour attributes not satisfied; Node4: SD v1.5 architectural limitation — text rendering unreliable (Phase 1C accuracy=0.1667); scored as 0.0 in compliance score; excluded from CLCG heatmap in Phase 2B,31.877,0.538293493041262
R1-048,1,2,2,2,2,1,MB069,sd15,es,data\generated_images\phase2b\sd15\es\MB069_seed42.png,False,0.5,True,False,0.0,False,False,0.5,False,,0.0,True,sd15_architectural,False,True,0.5982,0.3098,[MB069] NON-COMPLIANT — Node1: required objects absent; (informational only — flat pipeline: Nodes 2-5 still executed); Node2: spatial constraints not satisfied; Node3: colour attributes not satisfied; Node4: SD v1.5 architectural limitation — text rendering unreliable (Phase 1C accuracy=0.1667); scored as 0.0,False,data\generated_images\phase2b\sd15\es\MB069_seed42.png,False,0.5,True,,0.0,True,,0.0,True,,0.0,True,short_circuit,False,,0.0,0.15,[MB069] NON-COMPLIANT — Node1: required objects absent (short-circuit triggered); Node2/Node3: skipped — object presence failed upstream,35.1669,0.6605228155953008
R1-049,1,5,5,5,5,5,MB135,flux,fr,data\generated_images\phase2b\flux\fr\MB135_seed42.png,False,0.5,True,True,1.0,False,False,0.5,False,True,1.0,False,,True,True,0.6084,0.7108,[MB135] NON-COMPLIANT — Node1: required objects absent; (informational only — flat pipeline: Nodes 2-5 still executed); Node3: colour attributes not satisfied,True,data\generated_images\phase2b\flux\fr\MB135_seed42.png,False,0.5,True,,0.0,True,,0.0,True,,0.0,True,short_circuit,True,,0.0,0.15,[MB135] NON-COMPLIANT — Node1: required objects absent (short-circuit triggered); Node2/Node3: skipped — object presence failed upstream,34.7598,0.6453978703958269
R1-050,1,4,4,4,4,1,MB044,flux,de,data\generated_images\phase2b\flux\de\MB044_seed42.png,False,0.5,True,False,0.0,False,False,0.5,False,False,0.2,False,,True,True,0.604,0.3504,[MB044] NON-COMPLIANT — Node1: required objects absent; (informational only — flat pipeline: Nodes 2-5 still executed); Node2: spatial constraints not satisfied; Node3: colour attributes not satisfied; Node4: required text not legibly rendered,False,data\generated_images\phase2b\flux\de\MB044_seed42.png,False,0.5,True,,0.0,True,,0.0,True,,0.0,True,short_circuit,True,,0.0,0.15,[MB044] NON-COMPLIANT — Node1: required objects absent (short-circuit triggered); Node2/Node3: skipped — object presence failed upstream,35.5384,0.6743251175889255
R1-051,1,3,3,3,3,1,MB028,sd15,fr,data\generated_images\phase2b\sd15\fr\MB028_seed42.png,False,0.5,True,True,1.0,False,False,0.5,False,,0.0,True,sd15_architectural,False,True,0.604,0.5104,[MB028] NON-COMPLIANT — Node1: required objects absent; (informational only — flat pipeline: Nodes 2-5 still executed); Node3: colour attributes not satisfied; Node4: SD v1.5 architectural limitation — text rendering unreliable (Phase 1C accuracy=0.1667); scored as 0.0,True,data\generated_images\phase2b\sd15\fr\MB028_seed42.png,False,0.5,True,,0.0,True,,0.0,True,,0.0,True,short_circuit,False,,0.0,0.15,[MB028] NON-COMPLIANT — Node1: required objects absent (short-circuit triggered); Node2/Node3: skipped — object presence failed upstream,29.2681,0.4413652947339481
R1-052,1,4,4,4,4,2,MB127,flux,de,data\generated_images\phase2b\flux\de\MB127_seed42.png,False,0.5,True,False,0.0,False,False,0.5,False,False,0.2222,False,,True,True,0.6211,0.3566,[MB127] NON-COMPLIANT — Node1: required objects absent; (informational only — flat pipeline: Nodes 2-5 still executed); Node2: spatial constraints not satisfied; Node3: colour attributes not satisfied; Node4: required text not legibly rendered,False,data\generated_images\phase2b\flux\de\MB127_seed42.png,False,0.5,True,,0.0,True,,0.0,True,,0.0,True,short_circuit,True,,0.0,0.15,[MB127] NON-COMPLIANT — Node1: required objects absent (short-circuit triggered); Node2/Node3: skipped — object presence failed upstream,39.5,0.8215100424286107
R1-053,1,1,1,1,1,1,MB080,sd15,de,data\generated_images\phase2b\sd15\de\MB080_seed42.png,False,0.5,True,False,0.0,False,False,0.5,False,,0.0,True,sd15_architectural,False,True,0.6052,0.3105,[MB080] NON-COMPLIANT — Node1: required objects absent; (informational only — flat pipeline: Nodes 2-5 still executed); Node2: spatial constraints not satisfied; Node3: colour attributes not satisfied; Node4: SD v1.5 architectural limitation — text rendering unreliable (Phase 1C accuracy=0.1667); scored as 0.0,False,data\generated_images\phase2b\sd15\de\MB080_seed42.png,False,0.5,True,,0.0,True,,0.0,True,,0.0,True,short_circuit,False,,0.0,0.15,[MB080] NON-COMPLIANT — Node1: required objects absent (short-circuit triggered); Node2/Node3: skipped — object presence failed upstream,32.7885,0.5721583605168711
R1-054,1,5,5,5,5,5,MB039,flux,fr,data\generated_images\phase2b\flux\fr\MB039_seed42.png,False,0.5,True,False,0.0,False,True,1.0,False,True,1.0,False,,True,True,0.6186,0.6119,[MB039] NON-COMPLIANT — Node1: required objects absent; (informational only — flat pipeline: Nodes 2-5 still executed); Node2: spatial constraints not satisfied,True,data\generated_images\phase2b\flux\fr\MB039_seed42.png,False,0.5,True,,0.0,True,,0.0,True,,0.0,True,short_circuit,True,,0.0,0.15,[MB039] NON-COMPLIANT — Node1: required objects absent (short-circuit triggered); Node2/Node3: skipped — object presence failed upstream,35.8235,0.6849174091054325
R1-055,1,1,1,1,1,1,MB052,flux,de,data\generated_images\phase2b\flux\de\MB052_seed42.png,False,0.0,True,False,0.0,False,False,0.0,False,False,0.0,False,,True,True,0.594,0.0594,[MB052] NON-COMPLIANT — Node1: required objects absent; (informational only — flat pipeline: Nodes 2-5 still executed); Node2: spatial constraints not satisfied; Node3: colour attributes not satisfied; Node4: required text not legibly rendered,False,data\generated_images\phase2b\flux\de\MB052_seed42.png,False,0.0,True,,0.0,True,,0.0,True,,0.0,True,short_circuit,True,,0.0,0.0,[MB052] NON-COMPLIANT — Node1: required objects absent (short-circuit triggered); Node2/Node3: skipped — object presence failed upstream,25.4083,0.29796253501660735
R1-056,1,4,5,5,5,1,MB035,flux,es,data\generated_images\phase2b\flux\es\MB035_seed42.png,True,1.0,False,False,0.0,False,False,0.5,False,False,0.0,False,,True,True,0.6152,0.4615,[MB035] NON-COMPLIANT — Node2: spatial constraints not satisfied; Node3: colour attributes not satisfied; Node4: required text not legibly rendered,False,data\generated_images\phase2b\flux\es\MB035_seed42.png,True,1.0,False,False,0.0,False,False,0.5,False,False,0.0,False,,True,True,0.6152,0.4615,[MB035] NON-COMPLIANT — Node2: spatial constraints not satisfied; Node3: colour attributes not satisfied; Node4: required text not legibly rendered,37.2392,0.7375147682773685
R1-057,1,1,1,1,1,1,MB082,sd15,de,data\generated_images\phase2b\sd15\de\MB082_seed42.png,False,0.5,True,True,1.0,False,True,1.0,False,,0.0,True,sd15_architectural,False,True,0.5944,0.6094,[MB082] NON-COMPLIANT — Node1: required objects absent; (informational only — flat pipeline: Nodes 2-5 still executed); Node4: SD v1.5 architectural limitation — text rendering unreliable (Phase 1C accuracy=0.1667); scored as 0.0,True,data\generated_images\phase2b\sd15\de\MB082_seed42.png,False,0.5,True,,0.0,True,,0.0,True,,0.0,True,short_circuit,False,,0.0,0.15,[MB082] NON-COMPLIANT — Node1: required objects absent (short-circuit triggered); Node2/Node3: skipped — object presence failed upstream,24.1026,0.24945199473914942
R1-058,1,3,3,3,3,1,MB137,sd15,fr,data\generated_images\phase2b\sd15\fr\MB137_seed42.png,True,1.0,False,True,1.0,False,True,1.0,False,,0.0,True,sd15_architectural,False,True,0.5973,0.7597,[MB137] NON-COMPLIANT — Node4: SD v1.5 architectural limitation — text rendering unreliable (Phase 1C accuracy=0.1667); scored as 0.0,True,data\generated_images\phase2b\sd15\fr\MB137_seed42.png,True,1.0,False,True,1.0,False,True,1.0,False,,0.0,True,sd15_architectural,False,True,0.5973,0.7597,[MB137] NON-COMPLIANT — Node4: SD v1.5 architectural limitation — text rendering unreliable (Phase 1C accuracy=0.1667); scored as 0.0 in compliance score; excluded from CLCG heatmap in Phase 2B,36.8982,0.7248456297044858
R1-059,1,4,4,4,4,1,MB043,flux,fr,data\generated_images\phase2b\flux\fr\MB043_seed42.png,False,0.5,True,False,0.0,False,False,0.5,False,True,0.6,False,,True,True,0.6098,0.431,[MB043] NON-COMPLIANT — Node1: required objects absent; (informational only — flat pipeline: Nodes 2-5 still executed); Node2: spatial constraints not satisfied; Node3: colour attributes not satisfied,False,data\generated_images\phase2b\flux\fr\MB043_seed42.png,False,0.5,True,,0.0,True,,0.0,True,,0.0,True,short_circuit,True,,0.0,0.15,[MB043] NON-COMPLIANT — Node1: required objects absent (short-circuit triggered); Node2/Node3: skipped — object presence failed upstream,37.8848,0.7615006798980524
R1-060,1,5,5,5,5,4,MB062,flux,fr,data\generated_images\phase2b\flux\fr\MB062_seed42.png,True,1.0,False,True,1.0,False,True,1.0,False,True,1.0,False,,True,True,0.6186,0.9619,[MB062] COMPLIANT — all constraints satisfied,True,data\generated_images\phase2b\flux\fr\MB062_seed42.png,True,1.0,False,True,1.0,False,True,1.0,False,True,1.0,False,,True,True,0.6186,0.9619,[MB062] COMPLIANT — all constraints satisfied,36.0693,0.6940495916896394
R1-061,1,2,2,2,2,2,MB012,sd15,es,data\generated_images\phase2b\sd15\es\MB012_seed42.png,True,1.0,False,False,0.0,False,True,1.0,False,,0.0,True,sd15_architectural,False,True,0.5941,0.5594,[MB012] NON-COMPLIANT — Node2: spatial constraints not satisfied; Node4: SD v1.5 architectural limitation — text rendering unreliable (Phase 1C accuracy=0.1667); scored as 0.0,True,data\generated_images\phase2b\sd15\es\MB012_seed42.png,True,1.0,False,False,0.0,False,True,1.0,False,,0.0,True,sd15_architectural,False,True,0.5941,0.5594,[MB012] NON-COMPLIANT — Node2: spatial constraints not satisfied; Node4: SD v1.5 architectural limitation — text rendering unreliable (Phase 1C accuracy=0.1667); scored as 0.0 in compliance score; excluded from CLCG heatmap in Phase 2B,34.9904,0.6539653289146152
R1-062,1,1,1,1,1,4,MB070,flux,de,data\generated_images\phase2b\flux\de\MB070_seed42.png,False,0.5,True,False,0.0,False,False,0.5,False,True,1.0,False,,True,True,0.6079,0.5108,[MB070] NON-COMPLIANT — Node1: required objects absent; (informational only — flat pipeline: Nodes 2-5 still executed); Node2: spatial constraints not satisfied; Node3: colour attributes not satisfied,True,data\generated_images\phase2b\flux\de\MB070_seed42.png,False,0.5,True,,0.0,True,,0.0,True,,0.0,True,short_circuit,True,,0.0,0.15,[MB070] NON-COMPLIANT — Node1: required objects absent (short-circuit triggered); Node2/Node3: skipped — object presence failed upstream,33.0805,0.583007007036759
R1-063,1,3,3,3,4,1,MB069,sd15,de,data\generated_images\phase2b\sd15\de\MB069_seed42.png,False,0.5,True,False,0.0,False,False,0.5,False,,0.0,True,sd15_architectural,False,True,0.6061,0.3106,[MB069] NON-COMPLIANT — Node1: required objects absent; (informational only — flat pipeline: Nodes 2-5 still executed); Node2: spatial constraints not satisfied; Node3: colour attributes not satisfied; Node4: SD v1.5 architectural limitation — text rendering unreliable (Phase 1C accuracy=0.1667); scored as 0.0,False,data\generated_images\phase2b\sd15\de\MB069_seed42.png,False,0.5,True,,0.0,True,,0.0,True,,0.0,True,short_circuit,False,,0.0,0.15,[MB069] NON-COMPLIANT — Node1: required objects absent (short-circuit triggered); Node2/Node3: skipped — object presence failed upstream,32.3568,0.5561194540009956
R1-064,1,1,1,1,1,1,MB070,sd15,es,data\generated_images\phase2b\sd15\es\MB070_seed42.png,False,0.0,True,False,0.0,False,False,0.5,False,,0.0,True,sd15_architectural,False,True,0.5927,0.1593,[MB070] NON-COMPLIANT — Node1: required objects absent; (informational only — flat pipeline: Nodes 2-5 still executed); Node2: spatial constraints not satisfied; Node3: colour attributes not satisfied; Node4: SD v1.5 architectural limitation — text rendering unreliable (Phase 1C accuracy=0.1667); scored as 0.0,False,data\generated_images\phase2b\sd15\es\MB070_seed42.png,False,0.0,True,,0.0,True,,0.0,True,,0.0,True,short_circuit,False,,0.0,0.0,[MB070] NON-COMPLIANT — Node1: required objects absent (short-circuit triggered); Node2/Node3: skipped — object presence failed upstream,26.2985,0.3310360457426493
R1-065,1,4,4,4,4,4,MB050,flux,es,data\generated_images\phase2b\flux\es\MB050_seed42.png,True,1.0,False,False,0.0,False,True,1.0,False,True,1.0,False,,True,True,0.6148,0.7615,[MB050] NON-COMPLIANT — Node2: spatial constraints not satisfied,True,data\generated_images\phase2b\flux\es\MB050_seed42.png,True,1.0,False,False,0.0,False,True,1.0,False,True,1.0,False,,True,True,0.6148,0.7615,[MB050] NON-COMPLIANT — Node2: spatial constraints not satisfied,33.8769,0.6125955758327821
R1-066,1,3,2,2,2,2,MB067,sd15,de,data\generated_images\phase2b\sd15\de\MB067_seed42.png,False,0.5,True,True,1.0,False,False,0.5,False,,0.0,True,sd15_architectural,False,True,0.5967,0.5097,[MB067] NON-COMPLIANT — Node1: required objects absent; (informational only — flat pipeline: Nodes 2-5 still executed); Node3: colour attributes not satisfied; Node4: SD v1.5 architectural limitation — text rendering unreliable (Phase 1C accuracy=0.1667); scored as 0.0,True,data\generated_images\phase2b\sd15\de\MB067_seed42.png,False,0.5,True,,0.0,True,,0.0,True,,0.0,True,short_circuit,False,,0.0,0.15,[MB067] NON-COMPLIANT — Node1: required objects absent (short-circuit triggered); Node2/Node3: skipped — object presence failed upstream,28.8464,0.4256979172084797
R1-067,1,2,2,2,2,2,MB113,sd15,de,data\generated_images\phase2b\sd15\de\MB113_seed42.png,False,0.0,True,False,0.0,False,False,0.0,False,,0.0,True,sd15_architectural,False,True,0.5921,0.0592,[MB113] NON-COMPLIANT — Node1: required objects absent; (informational only — flat pipeline: Nodes 2-5 still executed); Node2: spatial constraints not satisfied; Node3: colour attributes not satisfied; Node4: SD v1.5 architectural limitation — text rendering unreliable (Phase 1C accuracy=0.1667); scored as 0.0,False,data\generated_images\phase2b\sd15\de\MB113_seed42.png,False,0.0,True,,0.0,True,,0.0,True,,0.0,True,short_circuit,False,,0.0,0.0,[MB113] NON-COMPLIANT — Node1: required objects absent (short-circuit triggered); Node2/Node3: skipped — object presence failed upstream,27.5712,0.37832054035176366
R1-068,1,3,3,3,3,2,MB045,sd15,es,data\generated_images\phase2b\sd15\es\MB045_seed42.png,False,0.5,True,True,1.0,False,False,0.5,False,,0.0,True,sd15_architectural,False,True,0.5954,0.5095,[MB045] NON-COMPLIANT — Node1: required objects absent; (informational only — flat pipeline: Nodes 2-5 still executed); Node3: colour attributes not satisfied; Node4: SD v1.5 architectural limitation — text rendering unreliable (Phase 1C accuracy=0.1667); scored as 0.0,True,data\generated_images\phase2b\sd15\es\MB045_seed42.png,False,0.5,True,,0.0,True,,0.0,True,,0.0,True,short_circuit,False,,0.0,0.15,[MB045] NON-COMPLIANT — Node1: required objects absent (short-circuit triggered); Node2/Node3: skipped — object presence failed upstream,33.6805,0.6052987464611864
R1-069,1,3,3,3,3,3,MB110,sd15,de,data\generated_images\phase2b\sd15\de\MB110_seed42.png,False,0.5,True,True,1.0,False,False,0.5,False,,0.0,True,sd15_architectural,False,True,0.5958,0.5096,[MB110] NON-COMPLIANT — Node1: required objects absent; (informational only — flat pipeline: Nodes 2-5 still executed); Node3: colour attributes not satisfied; Node4: SD v1.5 architectural limitation — text rendering unreliable (Phase 1C accuracy=0.1667); scored as 0.0,True,data\generated_images\phase2b\sd15\de\MB110_seed42.png,False,0.5,True,,0.0,True,,0.0,True,,0.0,True,short_circuit,False,,0.0,0.15,[MB110] NON-COMPLIANT — Node1: required objects absent (short-circuit triggered); Node2/Node3: skipped — object presence failed upstream,28.4583,0.4112788770907794
R1-070,1,2,1,2,2,2,MB126,sd15,de,data\generated_images\phase2b\sd15\de\MB126_seed42.png,False,0.5,True,False,0.0,False,False,0.5,False,,0.0,True,sd15_architectural,False,True,0.5904,0.309,[MB126] NON-COMPLIANT — Node1: required objects absent; (informational only — flat pipeline: Nodes 2-5 still executed); Node2: spatial constraints not satisfied; Node3: colour attributes not satisfied; Node4: SD v1.5 architectural limitation — text rendering unreliable (Phase 1C accuracy=0.1667); scored as 0.0,False,data\generated_images\phase2b\sd15\de\MB126_seed42.png,False,0.5,True,,0.0,True,,0.0,True,,0.0,True,short_circuit,False,,0.0,0.15,[MB126] NON-COMPLIANT — Node1: required objects absent (short-circuit triggered); Node2/Node3: skipped — object presence failed upstream,26.6971,0.3458451913002771
R1-071,1,4,4,4,4,3,MB111,flux,de,data\generated_images\phase2b\flux\de\MB111_seed42.png,False,0.5,True,False,0.0,False,False,0.0,False,True,1.0,False,,True,True,0.6054,0.4105,[MB111] NON-COMPLIANT — Node1: required objects absent; (informational only — flat pipeline: Nodes 2-5 still executed); Node2: spatial constraints not satisfied; Node3: colour attributes not satisfied,False,data\generated_images\phase2b\flux\de\MB111_seed42.png,False,0.5,True,,0.0,True,,0.0,True,,0.0,True,short_circuit,True,,0.0,0.15,[MB111] NON-COMPLIANT — Node1: required objects absent (short-circuit triggered); Node2/Node3: skipped — object presence failed upstream,29.6815,0.45672430319737845
R1-072,1,5,5,5,5,4,MB019,flux,es,data\generated_images\phase2b\flux\es\MB019_seed42.png,True,1.0,False,False,0.0,False,False,0.5,False,False,0.0,False,,True,True,0.6119,0.4612,[MB019] NON-COMPLIANT — Node2: spatial constraints not satisfied; Node3: colour attributes not satisfied; Node4: required text not legibly rendered,False,data\generated_images\phase2b\flux\es\MB019_seed42.png,True,1.0,False,False,0.0,False,False,0.5,False,False,0.0,False,,True,True,0.6119,0.4612,[MB019] NON-COMPLIANT — Node2: spatial constraints not satisfied; Node3: colour attributes not satisfied; Node4: required text not legibly rendered,30.3333,0.48094056279211467
R1-073,1,3,3,3,3,3,MB079,sd15,de,data\generated_images\phase2b\sd15\de\MB079_seed42.png,True,1.0,False,True,1.0,False,False,0.0,False,,0.0,True,sd15_architectural,False,True,0.5965,0.5596,[MB079] NON-COMPLIANT — Node3: colour attributes not satisfied; Node4: SD v1.5 architectural limitation — text rendering unreliable (Phase 1C accuracy=0.1667); scored as 0.0,True,data\generated_images\phase2b\sd15\de\MB079_seed42.png,True,1.0,False,True,1.0,False,False,0.0,False,,0.0,True,sd15_architectural,False,True,0.5965,0.5596,[MB079] NON-COMPLIANT — Node3: colour attributes not satisfied; Node4: SD v1.5 architectural limitation — text rendering unreliable (Phase 1C accuracy=0.1667); scored as 0.0 in compliance score; excluded from CLCG heatmap in Phase 2B,26.6693,0.34481234070694533
R1-074,1,3,3,3,3,3,MB100,flux,fr,data\generated_images\phase2b\flux\fr\MB100_seed42.png,True,1.0,False,False,0.0,False,False,0.5,False,False,0.1818,False,,True,True,0.6124,0.4976,[MB100] NON-COMPLIANT — Node2: spatial constraints not satisfied; Node3: colour attributes not satisfied; Node4: required text not legibly rendered,False,data\generated_images\phase2b\flux\fr\MB100_seed42.png,True,1.0,False,False,0.0,False,False,0.5,False,False,0.1818,False,,True,True,0.6124,0.4976,[MB100] NON-COMPLIANT — Node2: spatial constraints not satisfied; Node3: colour attributes not satisfied; Node4: required text not legibly rendered,35.5036,0.6730321967023086
R1-075,1,5,5,4,5,5,MB044,flux,es,data\generated_images\phase2b\flux\es\MB044_seed42.png,False,0.5,True,False,0.0,False,False,0.0,False,True,1.0,False,,True,True,0.5953,0.4095,[MB044] NON-COMPLIANT — Node1: required objects absent; (informational only — flat pipeline: Nodes 2-5 still executed); Node2: spatial constraints not satisfied; Node3: colour attributes not satisfied,False,data\generated_images\phase2b\flux\es\MB044_seed42.png,False,0.5,True,,0.0,True,,0.0,True,,0.0,True,short_circuit,True,,0.0,0.15,[MB044] NON-COMPLIANT — Node1: required objects absent (short-circuit triggered); Node2/Node3: skipped — object presence failed upstream,30.7652,0.4969868998877982
R1-076,1,1,1,1,1,1,MB135,sd15,es,data\generated_images\phase2b\sd15\es\MB135_seed42.png,False,0.0,True,False,0.0,False,False,0.0,False,,0.0,True,sd15_architectural,False,True,0.5768,0.0577,[MB135] NON-COMPLIANT — Node1: required objects absent; (informational only — flat pipeline: Nodes 2-5 still executed); Node2: spatial constraints not satisfied; Node3: colour attributes not satisfied; Node4: SD v1.5 architectural limitation — text rendering unreliable (Phase 1C accuracy=0.1667); scored as 0.0,False,data\generated_images\phase2b\sd15\es\MB135_seed42.png,False,0.0,True,,0.0,True,,0.0,True,,0.0,True,short_circuit,False,,0.0,0.0,[MB135] NON-COMPLIANT — Node1: required objects absent (short-circuit triggered); Node2/Node3: skipped — object presence failed upstream,22.6955,0.19717415049896336
R1-077,1,3,3,3,3,3,MB065,sd15,fr,data\generated_images\phase2b\sd15\fr\MB065_seed42.png,False,0.5,True,False,0.0,False,False,0.0,False,,0.0,True,sd15_architectural,False,True,0.5936,0.2094,[MB065] NON-COMPLIANT — Node1: required objects absent; (informational only — flat pipeline: Nodes 2-5 still executed); Node2: spatial constraints not satisfied; Node3: colour attributes not satisfied; Node4: SD v1.5 architectural limitation — text rendering unreliable (Phase 1C accuracy=0.1667); scored as 0.0,False,data\generated_images\phase2b\sd15\fr\MB065_seed42.png,False,0.5,True,,0.0,True,,0.0,True,,0.0,True,short_circuit,False,,0.0,0.15,[MB065] NON-COMPLIANT — Node1: required objects absent (short-circuit triggered); Node2/Node3: skipped — object presence failed upstream,26.5596,0.3407366676821792
R1-078,1,4,4,4,4,3,MB024,sd15,fr,data\generated_images\phase2b\sd15\fr\MB024_seed42.png,False,0.5,True,False,0.0,False,False,0.5,False,,0.0,True,sd15_architectural,False,True,0.6073,0.3107,[MB024] NON-COMPLIANT — Node1: required objects absent; (informational only — flat pipeline: Nodes 2-5 still executed); Node2: spatial constraints not satisfied; Node3: colour attributes not satisfied; Node4: SD v1.5 architectural limitation — text rendering unreliable (Phase 1C accuracy=0.1667); scored as 0.0,False,data\generated_images\phase2b\sd15\fr\MB024_seed42.png,False,0.5,True,,0.0,True,,0.0,True,,0.0,True,short_circuit,False,,0.0,0.15,[MB024] NON-COMPLIANT — Node1: required objects absent (short-circuit triggered); Node2/Node3: skipped — object presence failed upstream,34.4824,0.6350916562019333
R1-079,1,3,3,3,4,2,MB011,sd15,es,data\generated_images\phase2b\sd15\es\MB011_seed42.png,False,0.5,True,True,1.0,False,False,0.5,False,,0.0,True,sd15_architectural,False,True,0.6115,0.5111,[MB011] NON-COMPLIANT — Node1: required objects absent; (informational only — flat pipeline: Nodes 2-5 still executed); Node3: colour attributes not satisfied; Node4: SD v1.5 architectural limitation — text rendering unreliable (Phase 1C accuracy=0.1667); scored as 0.0,True,data\generated_images\phase2b\sd15\es\MB011_seed42.png,False,0.5,True,,0.0,True,,0.0,True,,0.0,True,short_circuit,False,,0.0,0.15,[MB011] NON-COMPLIANT — Node1: required objects absent (short-circuit triggered); Node2/Node3: skipped — object presence failed upstream,32.3445,0.5556624733427947
R1-080,1,1,1,1,1,1,MB079,sd15,fr,data\generated_images\phase2b\sd15\fr\MB079_seed42.png,True,1.0,False,True,1.0,False,False,0.5,False,,0.0,True,sd15_architectural,False,True,0.5894,0.6589,[MB079] NON-COMPLIANT — Node3: colour attributes not satisfied; Node4: SD v1.5 architectural limitation — text rendering unreliable (Phase 1C accuracy=0.1667); scored as 0.0,True,data\generated_images\phase2b\sd15\fr\MB079_seed42.png,False,0.5,True,,0.0,True,,0.0,True,,0.0,True,short_circuit,False,,0.0,0.15,[MB079] NON-COMPLIANT — Node1: required objects absent (short-circuit triggered); Node2/Node3: skipped — object presence failed upstream,26.219,0.32808239026891267
R1-081,1,2,2,2,2,2,MB122,sd15,es,data\generated_images\phase2b\sd15\es\MB122_seed42.png,True,1.0,False,True,1.0,False,False,0.5,False,,0.0,True,sd15_architectural,False,True,0.5871,0.6587,[MB122] NON-COMPLIANT — Node3: colour attributes not satisfied; Node4: SD v1.5 architectural limitation — text rendering unreliable (Phase 1C accuracy=0.1667); scored as 0.0,True,data\generated_images\phase2b\sd15\es\MB122_seed42.png,False,0.5,True,,0.0,True,,0.0,True,,0.0,True,short_circuit,False,,0.0,0.15,[MB122] NON-COMPLIANT — Node1: required objects absent (short-circuit triggered); Node2/Node3: skipped — object presence failed upstream,28.5886,0.4161198998357841
R1-082,1,4,4,4,4,4,MB014,flux,fr,data\generated_images\phase2b\flux\fr\MB014_seed42.png,True,1.0,False,True,1.0,False,True,1.0,False,True,1.0,False,,True,True,0.6146,0.9615,[MB014] COMPLIANT — all constraints satisfied,True,data\generated_images\phase2b\flux\fr\MB014_seed42.png,True,1.0,False,True,1.0,False,True,1.0,False,True,1.0,False,,True,True,0.6146,0.9615,[MB014] COMPLIANT — all constraints satisfied,31.4195,0.5212960417301361
R1-083,1,5,5,5,5,5,MB140,flux,es,data\generated_images\phase2b\flux\es\MB140_seed42.png,False,0.0,True,True,1.0,False,False,0.5,False,True,0.5455,False,,True,True,0.6125,0.4704,[MB140] NON-COMPLIANT — Node1: required objects absent; (informational only — flat pipeline: Nodes 2-5 still executed); Node3: colour attributes not satisfied,False,data\generated_images\phase2b\flux\es\MB140_seed42.png,False,0.5,True,,0.0,True,,0.0,True,,0.0,True,short_circuit,True,,0.0,0.15,[MB140] NON-COMPLIANT — Node1: required objects absent (short-circuit triggered); Node2/Node3: skipped — object presence failed upstream,29.8508,0.463014289004971
R1-084,1,4,4,4,4,1,MB035,flux,fr,data\generated_images\phase2b\flux\fr\MB035_seed42.png,False,0.5,True,False,0.0,False,False,0.5,False,False,0.0,False,,True,True,0.6147,0.3115,[MB035] NON-COMPLIANT — Node1: required objects absent; (informational only — flat pipeline: Nodes 2-5 still executed); Node2: spatial constraints not satisfied; Node3: colour attributes not satisfied; Node4: required text not legibly rendered,False,data\generated_images\phase2b\flux\fr\MB035_seed42.png,False,0.5,True,,0.0,True,,0.0,True,,0.0,True,short_circuit,True,,0.0,0.15,[MB035] NON-COMPLIANT — Node1: required objects absent (short-circuit triggered); Node2/Node3: skipped — object presence failed upstream,36.6499,0.715620564872677
R1-085,1,2,2,1,1,1,MB040,sd15,es,data\generated_images\phase2b\sd15\es\MB040_seed42.png,False,0.0,True,False,0.0,False,False,0.0,False,,0.0,True,sd15_architectural,False,True,0.5934,0.0593,[MB040] NON-COMPLIANT — Node1: required objects absent; (informational only — flat pipeline: Nodes 2-5 still executed); Node2: spatial constraints not satisfied; Node3: colour attributes not satisfied; Node4: SD v1.5 architectural limitation — text rendering unreliable (Phase 1C accuracy=0.1667); scored as 0.0,False,data\generated_images\phase2b\sd15\es\MB040_seed42.png,False,0.0,True,,0.0,True,,0.0,True,,0.0,True,short_circuit,False,,0.0,0.0,[MB040] NON-COMPLIANT — Node1: required objects absent (short-circuit triggered); Node2/Node3: skipped — object presence failed upstream,30.5561,0.4892182286983853
R1-086,1,2,2,2,2,1,MB092,sd15,fr,data\generated_images\phase2b\sd15\fr\MB092_seed42.png,True,1.0,False,True,1.0,False,True,1.0,False,,0.0,True,sd15_architectural,False,True,0.6038,0.7604,[MB092] NON-COMPLIANT — Node4: SD v1.5 architectural limitation — text rendering unreliable (Phase 1C accuracy=0.1667); scored as 0.0,True,data\generated_images\phase2b\sd15\fr\MB092_seed42.png,True,1.0,False,True,1.0,False,True,1.0,False,,0.0,True,sd15_architectural,False,True,0.6038,0.7604,[MB092] NON-COMPLIANT — Node4: SD v1.5 architectural limitation — text rendering unreliable (Phase 1C accuracy=0.1667); scored as 0.0 in compliance score; excluded from CLCG heatmap in Phase 2B,28.0771,0.3971161919764599
R1-087,1,3,3,3,3,1,MB111,sd15,fr,data\generated_images\phase2b\sd15\fr\MB111_seed42.png,False,0.0,True,False,0.0,False,False,0.0,False,,0.0,True,sd15_architectural,False,True,0.591,0.0591,[MB111] NON-COMPLIANT — Node1: required objects absent; (informational only — flat pipeline: Nodes 2-5 still executed); Node2: spatial constraints not satisfied; Node3: colour attributes not satisfied; Node4: SD v1.5 architectural limitation — text rendering unreliable (Phase 1C accuracy=0.1667); scored as 0.0,False,data\generated_images\phase2b\sd15\fr\MB111_seed42.png,False,0.0,True,,0.0,True,,0.0,True,,0.0,True,short_circuit,False,,0.0,0.0,[MB111] NON-COMPLIANT — Node1: required objects absent (short-circuit triggered); Node2/Node3: skipped — object presence failed upstream,22.1913,0.17844165880263627
R1-088,1,3,5,3,4,2,MB131,sd15,fr,data\generated_images\phase2b\sd15\fr\MB131_seed42.png,True,1.0,False,True,1.0,False,False,0.5,False,,0.0,True,sd15_architectural,False,True,0.6006,0.6601,[MB131] NON-COMPLIANT — Node3: colour attributes not satisfied; Node4: SD v1.5 architectural limitation — text rendering unreliable (Phase 1C accuracy=0.1667); scored as 0.0,True,data\generated_images\phase2b\sd15\fr\MB131_seed42.png,True,1.0,False,True,1.0,False,False,0.5,False,,0.0,True,sd15_architectural,False,True,0.6006,0.6601,[MB131] NON-COMPLIANT — Node3: colour attributes not satisfied; Node4: SD v1.5 architectural limitation — text rendering unreliable (Phase 1C accuracy=0.1667); scored as 0.0 in compliance score; excluded from CLCG heatmap in Phase 2B,33.3724,0.5938519382667429
R1-089,1,5,5,5,5,5,MB001,flux,es,data\generated_images\phase2b\flux\es\MB001_seed42.png,True,1.0,False,False,0.0,False,False,0.5,False,True,1.0,False,,True,True,0.6202,0.662,[MB001] NON-COMPLIANT — Node2: spatial constraints not satisfied; Node3: colour attributes not satisfied,True,data\generated_images\phase2b\flux\es\MB001_seed42.png,True,1.0,False,False,0.0,False,False,0.5,False,True,1.0,False,,True,True,0.6202,0.662,[MB001] NON-COMPLIANT — Node2: spatial constraints not satisfied; Node3: colour attributes not satisfied,35.0243,0.6552248121920952
R1-090,1,1,1,1,1,1,MB149,sd15,fr,data\generated_images\phase2b\sd15\fr\MB149_seed42.png,False,0.5,True,False,0.0,False,False,0.5,False,,0.0,True,sd15_architectural,False,True,0.5807,0.3081,[MB149] NON-COMPLIANT — Node1: required objects absent; (informational only — flat pipeline: Nodes 2-5 still executed); Node2: spatial constraints not satisfied; Node3: colour attributes not satisfied; Node4: SD v1.5 architectural limitation — text rendering unreliable (Phase 1C accuracy=0.1667); scored as 0.0,False,data\generated_images\phase2b\sd15\fr\MB149_seed42.png,False,0.5,True,,0.0,True,,0.0,True,,0.0,True,short_circuit,False,,0.0,0.15,[MB149] NON-COMPLIANT — Node1: required objects absent (short-circuit triggered); Node2/Node3: skipped — object presence failed upstream,28.1645,0.40036335535261813
R1-091,1,3,4,3,4,2,MB136,flux,fr,data\generated_images\phase2b\flux\fr\MB136_seed42.png,False,0.0,True,False,0.0,False,False,0.5,False,False,0.0,False,,True,True,0.6042,0.1604,[MB136] NON-COMPLIANT — Node1: required objects absent; (informational only — flat pipeline: Nodes 2-5 still executed); Node2: spatial constraints not satisfied; Node3: colour attributes not satisfied; Node4: required text not legibly rendered,False,data\generated_images\phase2b\flux\fr\MB136_seed42.png,False,0.0,True,,0.0,True,,0.0,True,,0.0,True,short_circuit,True,,0.0,0.0,[MB136] NON-COMPLIANT — Node1: required objects absent (short-circuit triggered); Node2/Node3: skipped — object presence failed upstream,27.3889,0.37154756685664175
R1-092,1,4,4,4,4,2,MB085,flux,de,data\generated_images\phase2b\flux\de\MB085_seed42.png,False,0.5,True,False,0.0,False,False,0.5,False,False,0.3333,False,,True,True,0.6113,0.3778,[MB085] NON-COMPLIANT — Node1: required objects absent; (informational only — flat pipeline: Nodes 2-5 still executed); Node2: spatial constraints not satisfied; Node3: colour attributes not satisfied; Node4: required text not legibly rendered,False,data\generated_images\phase2b\flux\de\MB085_seed42.png,False,0.5,True,,0.0,True,,0.0,True,,0.0,True,short_circuit,True,,0.0,0.15,[MB085] NON-COMPLIANT — Node1: required objects absent (short-circuit triggered); Node2/Node3: skipped — object presence failed upstream,24.3871,0.2600219945162321
R1-093,1,4,4,4,4,1,MB016,flux,es,data\generated_images\phase2b\flux\es\MB016_seed42.png,False,0.0,True,False,0.0,False,True,1.0,False,True,0.7273,False,,True,True,0.6152,0.407,[MB016] NON-COMPLIANT — Node1: required objects absent; (informational only — flat pipeline: Nodes 2-5 still executed); Node2: spatial constraints not satisfied,False,data\generated_images\phase2b\flux\es\MB016_seed42.png,False,0.0,True,,0.0,True,,0.0,True,,0.0,True,short_circuit,True,,0.0,0.0,[MB016] NON-COMPLIANT — Node1: required objects absent (short-circuit triggered); Node2/Node3: skipped — object presence failed upstream,34.7517,0.6450969319135972
R1-094,1,4,4,4,2,1,MB006,sd15,fr,data\generated_images\phase2b\sd15\fr\MB006_seed42.png,False,0.5,True,False,0.0,False,False,0.0,False,,0.0,True,sd15_architectural,False,True,0.5987,0.2099,[MB006] NON-COMPLIANT — Node1: required objects absent; (informational only — flat pipeline: Nodes 2-5 still executed); Node2: spatial constraints not satisfied; Node3: colour attributes not satisfied; Node4: SD v1.5 architectural limitation — text rendering unreliable (Phase 1C accuracy=0.1667); scored as 0.0,False,data\generated_images\phase2b\sd15\fr\MB006_seed42.png,False,0.5,True,,0.0,True,,0.0,True,,0.0,True,short_circuit,False,,0.0,0.15,[MB006] NON-COMPLIANT — Node1: required objects absent (short-circuit triggered); Node2/Node3: skipped — object presence failed upstream,32.0188,0.5435617741252349
R1-095,1,5,5,5,5,5,MB122,flux,fr,data\generated_images\phase2b\flux\fr\MB122_seed42.png,True,1.0,False,True,1.0,False,True,1.0,False,True,1.0,False,,True,True,0.6197,0.962,[MB122] COMPLIANT — all constraints satisfied,True,data\generated_images\phase2b\flux\fr\MB122_seed42.png,True,1.0,False,True,1.0,False,True,1.0,False,True,1.0,False,,True,True,0.6197,0.962,[MB122] COMPLIANT — all constraints satisfied,35.8164,0.6846536235222435
R1-096,1,5,5,5,5,5,MB047,flux,es,data\generated_images\phase2b\flux\es\MB047_seed42.png,True,1.0,False,False,0.0,False,True,1.0,False,False,0.0,False,,True,True,0.612,0.5612,[MB047] NON-COMPLIANT — Node2: spatial constraints not satisfied; Node4: required text not legibly rendered,True,data\generated_images\phase2b\flux\es\MB047_seed42.png,True,1.0,False,False,0.0,False,True,1.0,False,False,0.0,False,,True,True,0.612,0.5612,[MB047] NON-COMPLIANT — Node2: spatial constraints not satisfied; Node4: required text not legibly rendered,36.3434,0.7042332013166988
R1-097,1,4,4,4,4,1,MB068,flux,de,data\generated_images\phase2b\flux\de\MB068_seed42.png,False,0.0,True,False,0.0,False,False,0.5,False,False,0.0,False,,True,True,0.6035,0.1604,[MB068] NON-COMPLIANT — Node1: required objects absent; (informational only — flat pipeline: Nodes 2-5 still executed); Node2: spatial constraints not satisfied; Node3: colour attributes not satisfied; Node4: required text not legibly rendered,False,data\generated_images\phase2b\flux\de\MB068_seed42.png,False,0.0,True,,0.0,True,,0.0,True,,0.0,True,short_circuit,True,,0.0,0.0,[MB068] NON-COMPLIANT — Node1: required objects absent (short-circuit triggered); Node2/Node3: skipped — object presence failed upstream,29.9968,0.468438612264915
R1-098,1,3,3,3,3,3,MB075,flux,de,data\generated_images\phase2b\flux\de\MB075_seed42.png,True,1.0,False,True,1.0,False,True,1.0,False,True,1.0,False,,True,True,0.611,0.9611,[MB075] COMPLIANT — all constraints satisfied,True,data\generated_images\phase2b\flux\de\MB075_seed42.png,True,1.0,False,True,1.0,False,True,1.0,False,True,1.0,False,,True,True,0.611,0.9611,[MB075] COMPLIANT — all constraints satisfied,36.642,0.7153270569702554
R1-099,1,1,2,1,1,1,MB099,flux,es,data\generated_images\phase2b\flux\es\MB099_seed42.png,False,0.0,True,False,0.0,False,False,0.5,False,False,0.0,False,,True,True,0.6026,0.1603,[MB099] NON-COMPLIANT — Node1: required objects absent; (informational only — flat pipeline: Nodes 2-5 still executed); Node2: spatial constraints not satisfied; Node3: colour attributes not satisfied; Node4: required text not legibly rendered,False,data\generated_images\phase2b\flux\es\MB099_seed42.png,False,0.0,True,,0.0,True,,0.0,True,,0.0,True,short_circuit,True,,0.0,0.0,[MB099] NON-COMPLIANT — Node1: required objects absent (short-circuit triggered); Node2/Node3: skipped — object presence failed upstream,36.059,0.6936669168295201
R1-100,1,3,3,3,3,1,MB070,sd15,de,data\generated_images\phase2b\sd15\de\MB070_seed42.png,False,0.5,True,True,1.0,False,False,0.5,False,,0.0,True,sd15_architectural,False,True,0.6146,0.5115,[MB070] NON-COMPLIANT — Node1: required objects absent; (informational only — flat pipeline: Nodes 2-5 still executed); Node3: colour attributes not satisfied; Node4: SD v1.5 architectural limitation — text rendering unreliable (Phase 1C accuracy=0.1667); scored as 0.0,True,data\generated_images\phase2b\sd15\de\MB070_seed42.png,False,0.5,True,,0.0,True,,0.0,True,,0.0,True,short_circuit,False,,0.0,0.15,[MB070] NON-COMPLIANT — Node1: required objects absent (short-circuit triggered); Node2/Node3: skipped — object presence failed upstream,33.5562,0.6006806411104257
R1-101,1,2,2,2,2,1,MB044,sd15,fr,data\generated_images\phase2b\sd15\fr\MB044_seed42.png,False,0.0,True,False,0.0,False,False,0.5,False,,0.0,True,sd15_architectural,False,True,0.593,0.1593,[MB044] NON-COMPLIANT — Node1: required objects absent; (informational only — flat pipeline: Nodes 2-5 still executed); Node2: spatial constraints not satisfied; Node3: colour attributes not satisfied; Node4: SD v1.5 architectural limitation — text rendering unreliable (Phase 1C accuracy=0.1667); scored as 0.0,False,data\generated_images\phase2b\sd15\fr\MB044_seed42.png,False,0.0,True,,0.0,True,,0.0,True,,0.0,True,short_circuit,False,,0.0,0.0,[MB044] NON-COMPLIANT — Node1: required objects absent (short-circuit triggered); Node2/Node3: skipped — object presence failed upstream,27.1107,0.3612116303435157
R1-102,1,5,5,5,5,5,MB026,flux,de,data\generated_images\phase2b\flux\de\MB026_seed42.png,True,1.0,False,True,1.0,False,False,0.5,False,True,0.9091,False,,True,True,0.6165,0.8435,[MB026] NON-COMPLIANT — Node3: colour attributes not satisfied,True,data\generated_images\phase2b\flux\de\MB026_seed42.png,True,1.0,False,True,1.0,False,False,0.5,False,True,0.9091,False,,True,True,0.6165,0.8435,[MB026] NON-COMPLIANT — Node3: colour attributes not satisfied,30.3,0.47970337125405893
R1-103,1,4,4,4,4,1,MB048,sd15,de,data\generated_images\phase2b\sd15\de\MB048_seed42.png,True,1.0,False,True,1.0,False,True,1.0,False,,0.0,True,sd15_architectural,False,True,0.6116,0.7612,[MB048] NON-COMPLIANT — Node4: SD v1.5 architectural limitation — text rendering unreliable (Phase 1C accuracy=0.1667); scored as 0.0,True,data\generated_images\phase2b\sd15\de\MB048_seed42.png,True,1.0,False,True,1.0,False,True,1.0,False,,0.0,True,sd15_architectural,False,True,0.6116,0.7612,[MB048] NON-COMPLIANT — Node4: SD v1.5 architectural limitation — text rendering unreliable (Phase 1C accuracy=0.1667); scored as 0.0 in compliance score; excluded from CLCG heatmap in Phase 2B,35.1105,0.6584273920894047
R1-104,1,5,5,5,5,5,MB122,flux,de,data\generated_images\phase2b\flux\de\MB122_seed42.png,True,1.0,False,True,1.0,False,True,1.0,False,True,1.0,False,,True,True,0.6206,0.9621,[MB122] COMPLIANT — all constraints satisfied,True,data\generated_images\phase2b\flux\de\MB122_seed42.png,True,1.0,False,True,1.0,False,True,1.0,False,True,1.0,False,,True,True,0.6206,0.9621,[MB122] COMPLIANT — all constraints satisfied,34.7972,0.6467873888199495
R1-105,1,4,5,4,4,1,MB054,flux,es,data\generated_images\phase2b\flux\es\MB054_seed42.png,True,1.0,False,False,0.0,False,True,1.0,False,False,0.0,False,,True,True,0.6118,0.5612,[MB054] NON-COMPLIANT — Node2: spatial constraints not satisfied; Node4: required text not legibly rendered,True,data\generated_images\phase2b\flux\es\MB054_seed42.png,True,1.0,False,False,0.0,False,True,1.0,False,False,0.0,False,,True,True,0.6118,0.5612,[MB054] NON-COMPLIANT — Node2: spatial constraints not satisfied; Node4: required text not legibly rendered,38.0406,0.7672891015685953
R1-106,1,2,2,2,2,1,MB033,sd15,es,data\generated_images\phase2b\sd15\es\MB033_seed42.png,False,0.0,True,False,0.0,False,False,0.0,False,,0.0,True,sd15_architectural,False,True,0.5896,0.059,[MB033] NON-COMPLIANT — Node1: required objects absent; (informational only — flat pipeline: Nodes 2-5 still executed); Node2: spatial constraints not satisfied; Node3: colour attributes not satisfied; Node4: SD v1.5 architectural limitation — text rendering unreliable (Phase 1C accuracy=0.1667); scored as 0.0,False,data\generated_images\phase2b\sd15\es\MB033_seed42.png,False,0.0,True,,0.0,True,,0.0,True,,0.0,True,short_circuit,False,,0.0,0.0,[MB033] NON-COMPLIANT — Node1: required objects absent (short-circuit triggered); Node2/Node3: skipped — object presence failed upstream,32.2607,0.5525490604031832
R1-107,1,1,1,1,1,1,MB022,sd15,es,data\generated_images\phase2b\sd15\es\MB022_seed42.png,True,1.0,False,True,1.0,False,True,1.0,False,,0.0,True,sd15_architectural,False,True,0.5915,0.7591,[MB022] NON-COMPLIANT — Node4: SD v1.5 architectural limitation — text rendering unreliable (Phase 1C accuracy=0.1667); scored as 0.0,True,data\generated_images\phase2b\sd15\es\MB022_seed42.png,True,1.0,False,True,1.0,False,True,1.0,False,,0.0,True,sd15_architectural,False,True,0.5915,0.7591,[MB022] NON-COMPLIANT — Node4: SD v1.5 architectural limitation — text rendering unreliable (Phase 1C accuracy=0.1667); scored as 0.0 in compliance score; excluded from CLCG heatmap in Phase 2B,25.1834,0.2896068480223511
R1-108,1,4,4,4,4,3,MB008,flux,es,data\generated_images\phase2b\flux\es\MB008_seed42.png,True,1.0,False,True,1.0,False,False,0.5,False,True,0.9091,False,,True,True,0.6006,0.8419,[MB008] NON-COMPLIANT — Node3: colour attributes not satisfied,True,data\generated_images\phase2b\flux\es\MB008_seed42.png,True,1.0,False,True,1.0,False,False,0.5,False,True,0.9091,False,,True,True,0.6006,0.8419,[MB008] NON-COMPLIANT — Node3: colour attributes not satisfied,30.7771,0.49742901938638273
R1-109,1,4,4,4,4,4,MB018,flux,fr,data\generated_images\phase2b\flux\fr\MB018_seed42.png,False,0.5,True,False,0.0,False,False,0.0,False,True,1.0,False,,True,True,0.6177,0.4118,[MB018] NON-COMPLIANT — Node1: required objects absent; (informational only — flat pipeline: Nodes 2-5 still executed); Node2: spatial constraints not satisfied; Node3: colour attributes not satisfied,False,data\generated_images\phase2b\flux\fr\MB018_seed42.png,False,0.5,True,,0.0,True,,0.0,True,,0.0,True,short_circuit,True,,0.0,0.15,[MB018] NON-COMPLIANT — Node1: required objects absent (short-circuit triggered); Node2/Node3: skipped — object presence failed upstream,35.4661,0.6716389629882819
R1-110,1,5,5,5,5,4,MB061,sd15,es,data\generated_images\phase2b\sd15\es\MB061_seed42.png,True,1.0,False,True,1.0,False,True,1.0,False,,0.0,True,sd15_architectural,False,True,0.6126,0.7613,[MB061] NON-COMPLIANT — Node4: SD v1.5 architectural limitation — text rendering unreliable (Phase 1C accuracy=0.1667); scored as 0.0,True,data\generated_images\phase2b\sd15\es\MB061_seed42.png,True,1.0,False,False,0.0,False,True,1.0,False,,0.0,True,sd15_architectural,False,True,0.6126,0.5613,[MB061] NON-COMPLIANT — Node2: spatial constraints not satisfied; Node4: SD v1.5 architectural limitation — text rendering unreliable (Phase 1C accuracy=0.1667); scored as 0.0 in compliance score; excluded from CLCG heatmap in Phase 2B,33.2461,0.5891595271179009
R1-111,1,4,4,4,4,1,MB092,sd15,es,data\generated_images\phase2b\sd15\es\MB092_seed42.png,True,1.0,False,True,1.0,False,True,1.0,False,,0.0,True,sd15_architectural,False,True,0.6008,0.7601,[MB092] NON-COMPLIANT — Node4: SD v1.5 architectural limitation — text rendering unreliable (Phase 1C accuracy=0.1667); scored as 0.0,True,data\generated_images\phase2b\sd15\es\MB092_seed42.png,True,1.0,False,True,1.0,False,True,1.0,False,,0.0,True,sd15_architectural,False,True,0.6008,0.7601,[MB092] NON-COMPLIANT — Node4: SD v1.5 architectural limitation — text rendering unreliable (Phase 1C accuracy=0.1667); scored as 0.0 in compliance score; excluded from CLCG heatmap in Phase 2B,32.266,0.552745970768099
R1-112,1,3,4,3,3,5,MB040,flux,es,data\generated_images\phase2b\flux\es\MB040_seed42.png,False,0.0,True,False,0.0,False,False,0.0,False,True,1.0,False,,True,True,0.6036,0.2604,[MB040] NON-COMPLIANT — Node1: required objects absent; (informational only — flat pipeline: Nodes 2-5 still executed); Node2: spatial constraints not satisfied; Node3: colour attributes not satisfied,False,data\generated_images\phase2b\flux\es\MB040_seed42.png,False,0.0,True,,0.0,True,,0.0,True,,0.0,True,short_circuit,True,,0.0,0.0,[MB040] NON-COMPLIANT — Node1: required objects absent (short-circuit triggered); Node2/Node3: skipped — object presence failed upstream,34.6011,0.639501705318066
R1-113,1,5,5,5,5,4,MB113,flux,de,data\generated_images\phase2b\flux\de\MB113_seed42.png,False,0.5,True,False,0.0,False,True,1.0,False,True,0.5,False,,True,True,0.6087,0.5109,[MB113] NON-COMPLIANT — Node1: required objects absent; (informational only — flat pipeline: Nodes 2-5 still executed); Node2: spatial constraints not satisfied,True,data\generated_images\phase2b\flux\de\MB113_seed42.png,False,0.0,True,,0.0,True,,0.0,True,,0.0,True,short_circuit,True,,0.0,0.0,[MB113] NON-COMPLIANT — Node1: required objects absent (short-circuit triggered); Node2/Node3: skipped — object presence failed upstream,32.7662,0.5713298508682632
R1-114,1,5,5,5,5,2,MB116,flux,fr,data\generated_images\phase2b\flux\fr\MB116_seed42.png,False,0.5,True,True,1.0,False,False,0.5,False,True,1.0,False,,True,True,0.6053,0.7105,[MB116] NON-COMPLIANT — Node1: required objects absent; (informational only — flat pipeline: Nodes 2-5 still executed); Node3: colour attributes not satisfied,True,data\generated_images\phase2b\flux\fr\MB116_seed42.png,False,0.5,True,,0.0,True,,0.0,True,,0.0,True,short_circuit,True,,0.0,0.15,[MB116] NON-COMPLIANT — Node1: required objects absent (short-circuit triggered); Node2/Node3: skipped — object presence failed upstream,31.4599,0.522797018851381
R1-115,1,3,3,3,3,3,MB052,flux,fr,data\generated_images\phase2b\flux\fr\MB052_seed42.png,False,0.5,True,False,0.0,False,False,0.5,False,False,0.0,False,,True,True,0.6008,0.3101,[MB052] NON-COMPLIANT — Node1: required objects absent; (informational only — flat pipeline: Nodes 2-5 still executed); Node2: spatial constraints not satisfied; Node3: colour attributes not satisfied; Node4: required text not legibly rendered,False,data\generated_images\phase2b\flux\fr\MB052_seed42.png,False,0.5,True,,0.0,True,,0.0,True,,0.0,True,short_circuit,True,,0.0,0.15,[MB052] NON-COMPLIANT — Node1: required objects absent (short-circuit triggered); Node2/Node3: skipped — object presence failed upstream,32.5478,0.5632156577177717
R1-116,1,5,5,5,5,4,MB014,flux,es,data\generated_images\phase2b\flux\es\MB014_seed42.png,True,1.0,False,False,0.0,False,False,0.5,False,True,1.0,False,,True,True,0.6192,0.6619,[MB014] NON-COMPLIANT — Node2: spatial constraints not satisfied; Node3: colour attributes not satisfied,True,data\generated_images\phase2b\flux\es\MB014_seed42.png,True,1.0,False,False,0.0,False,False,0.5,False,True,1.0,False,,True,True,0.6192,0.6619,[MB014] NON-COMPLIANT — Node2: spatial constraints not satisfied; Node3: colour attributes not satisfied,31.6818,0.531041247148515
R1-117,1,4,4,4,4,2,MB006,sd15,de,data\generated_images\phase2b\sd15\de\MB006_seed42.png,False,0.5,True,False,0.0,False,False,0.5,False,,0.0,True,sd15_architectural,False,True,0.6034,0.3103,[MB006] NON-COMPLIANT — Node1: required objects absent; (informational only — flat pipeline: Nodes 2-5 still executed); Node2: spatial constraints not satisfied; Node3: colour attributes not satisfied; Node4: SD v1.5 architectural limitation — text rendering unreliable (Phase 1C accuracy=0.1667); scored as 0.0,False,data\generated_images\phase2b\sd15\de\MB006_seed42.png,False,0.5,True,,0.0,True,,0.0,True,,0.0,True,short_circuit,False,,0.0,0.15,[MB006] NON-COMPLIANT — Node1: required objects absent (short-circuit triggered); Node2/Node3: skipped — object presence failed upstream,31.9235,0.540021102846655
R1-118,1,4,4,4,4,1,MB024,sd15,es,data\generated_images\phase2b\sd15\es\MB024_seed42.png,True,1.0,False,False,0.0,False,False,0.5,False,,0.0,True,sd15_architectural,False,True,0.6028,0.4603,[MB024] NON-COMPLIANT — Node2: spatial constraints not satisfied; Node3: colour attributes not satisfied; Node4: SD v1.5 architectural limitation — text rendering unreliable (Phase 1C accuracy=0.1667); scored as 0.0,False,data\generated_images\phase2b\sd15\es\MB024_seed42.png,True,1.0,False,False,0.0,False,False,0.5,False,,0.0,True,sd15_architectural,False,True,0.6028,0.4603,[MB024] NON-COMPLIANT — Node2: spatial constraints not satisfied; Node3: colour attributes not satisfied; Node4: SD v1.5 architectural limitation — text rendering unreliable (Phase 1C accuracy=0.1667); scored as 0.0 in compliance score; excluded from CLCG heatmap in Phase 2B,30.9625,0.5043171668685307
R1-119,1,3,3,3,2,1,MB052,sd15,fr,data\generated_images\phase2b\sd15\fr\MB052_seed42.png,False,0.0,True,False,0.0,False,False,0.0,False,,0.0,True,sd15_architectural,False,True,0.5932,0.0593,[MB052] NON-COMPLIANT — Node1: required objects absent; (informational only — flat pipeline: Nodes 2-5 still executed); Node2: spatial constraints not satisfied; Node3: colour attributes not satisfied; Node4: SD v1.5 architectural limitation — text rendering unreliable (Phase 1C accuracy=0.1667); scored as 0.0,False,data\generated_images\phase2b\sd15\fr\MB052_seed42.png,False,0.0,True,,0.0,True,,0.0,True,,0.0,True,short_circuit,False,,0.0,0.0,[MB052] NON-COMPLIANT — Node1: required objects absent (short-circuit triggered); Node2/Node3: skipped — object presence failed upstream,29.2666,0.441309565385387
R1-120,1,5,5,5,5,5,MB032,flux,es,data\generated_images\phase2b\flux\es\MB032_seed42.png,True,1.0,False,True,1.0,False,True,1.0,False,True,1.0,False,,True,True,0.6204,0.962,[MB032] COMPLIANT — all constraints satisfied,True,data\generated_images\phase2b\flux\es\MB032_seed42.png,True,1.0,False,True,1.0,False,True,1.0,False,True,1.0,False,,True,True,0.6204,0.962,[MB032] COMPLIANT — all constraints satisfied,32.3786,0.5569293872000831
